date,country,related,last,previous,unit
Jun 2024,Benin,Rent Inflation,0.6,0.6,percent
Jun 2024,Benin,Consumer Price Index CPI,111.8,113.3,points
Jun 2024,Benin,CPI Housing Utilities,115.2,114.9,points
Jun 2024,Benin,CPI Transportation,127.7,128.1,points
Jun 2024,Benin,Food Inflation,-0.1,1.1,percent
Jun 2024,Benin,Inflation Rate,0.8,2.3,percent
Jun 2024,Benin,Inflation Rate MoM,-1.3,0.4,percent
Feb 2024,Barbados,Consumer Price Index CPI,115.4,115.0,points
Feb 2024,Barbados,CPI Housing Utilities,121.7,121.0,points
Feb 2024,Barbados,CPI Transportation,121.0,122.1,points
Feb 2024,Barbados,Food Inflation,7.7,8.5,percent
Feb 2024,Barbados,Inflation Rate,4.2,4.8,percent
Apr 2024,Bahamas,Consumer Price Index CPI,122.6,123.2,points
Apr 2024,Bahamas,Inflation Rate,1.7,2.8,percent
Apr 2024,Bahamas,Inflation Rate MoM,-0.5,1.6,percent
May 2024,Azerbaijan,Consumer Price Index CPI,215.6,215.8,points
May 2024,Azerbaijan,Core Inflation Rate,0.4,0.5,percent
May 2024,Azerbaijan,Food Inflation,-1.4,-1.1,percent
May 2024,Azerbaijan,Inflation Rate,0.3,0.7,percent
May 2024,Azerbaijan,Producer Price Inflation MoM,-7.2,6.4,percent
Dec 2023,Azerbaijan,Producer Prices,89.0,184.3,points
May 2024,Azerbaijan,Producer Prices Change,8.0,2.4,percent
Jun 2024,Bangladesh,Consumer Price Index CPI,123.38,122.04,points
Jun 2024,Bangladesh,CPI Transportation,119.48,119.33,points
Jun 2024,Bangladesh,Food Inflation,10.42,10.76,percent
Dec 2023,Bangladesh,GDP Deflator,137.95,130.84,points
Jun 2024,Bangladesh,Inflation Rate YoY,9.72,9.89,percent
Jun 2024,Bangladesh,Inflation Rate MoM,1.11,-0.21,percent
Jun 2024,Belgium,Consumer Price Index CPI,131.87,131.58,points
Jun 2024,Belgium,CPI Housing Utilities,137.06,135.69,points
Jun 2024,Belgium,CPI Transportation,131.93,132.66,points
Jun 2024,Belgium,Food Inflation,0.1,0.77,percent
Jun 2024,Belgium,Inflation Rate YoY,3.74,3.36,percent
Jun 2024,Belgium,Inflation Rate MoM,0.22,0.37,percent
May 2024,Belgium,Producer Prices,164.9,166.9,points
May 2024,Belgium,PPI YoY,-0.88,-1.13,percent
May 2024,Belize,Consumer Price Index CPI,118.5,118.1,points
May 2024,Belize,CPI Housing Utilities,106.4,106.6,points
May 2024,Belize,CPI Transportation,131.7,131.1,points
May 2024,Belize,Food Inflation,6.5,6.0,percent
May 2024,Belize,Inflation Rate,4.0,3.9,percent
May 2024,Belize,Inflation Rate MoM,0.4,0.05,percent
May 2024,Belarus,Core Consumer Prices,100.4,100.4,points
Jun 2024,Belarus,Food Inflation,6.4,6.2,percent
Jun 2024,Belarus,Inflation Rate YoY,5.8,5.7,percent
Jun 2024,Belarus,Inflation Rate MoM,0.6,0.1,percent
Jun 2024,Belarus,Producer Prices,24168.9,23947.6,points
May 2024,Belarus,Producer Prices Change,6.6,6.4,percent
Jun 2024,Armenia,Consumer Price Index CPI,154.24,155.73,points
May 2024,Armenia,Export Prices,98.2,96.7,points
May 2024,Armenia,Food Inflation,-2.0,-4.5,percent
May 2024,Armenia,Import Prices,100.1,96.2,points
Jun 2024,Armenia,Inflation Rate YoY,0.8,0.3,percent
May 2024,Armenia,Inflation Rate MoM,-0.8,0.6,percent
May 2024,Armenia,Producer Prices,125.0,124.6,points
May 2024,Armenia,PPI YoY,8.0,3.9,percent
Jun 2024,Austria,CPI,124.0,123.8,points
Jun 2024,Austria,CPI Housing Utilities,132.8,132.7,points
Jun 2024,Austria,CPI Transportation,127.4,128.4,points
Jun 2024,Austria,Food Inflation,1.69,2.83,percent
Dec 2023,Austria,GDP Deflator,128.63,126.51,points
Jun 2024,Austria,Harmonised Consumer Prices,134.4,134.4,points
Jun 2024,Austria,Inflation Rate YoY,3.0,3.4,percent
Jun 2024,Austria,Inflation Rate MoM,0.2,0.1,percent
May 2024,Austria,Producer Prices,116.7,116.6,points
May 2024,Austria,PPI YoY,-3.5,-4.8,percent
May 2024,Austria,Wholesale Prices NSA MoM,130.0,131.0,points
Jun 2024,Aruba,Consumer Price Index CPI,108.72,109.41,points
Jun 2024,Aruba,CPI Housing Utilities,111.65,111.91,points
Jun 2024,Aruba,CPI Transportation,113.79,116.83,points
Jun 2024,Aruba,Food Inflation,2.6,2.4,percent
Jun 2024,Aruba,Inflation Rate,2.4,2.6,percent
Jun 2024,Aruba,Inflation Rate MoM,-0.6,0.0,percent
May 2024,Bahrain,Consumer Price Index CPI,101.5,101.5,points
May 2024,Bahrain,CPI Housing Utilities,91.1,90.9,points
May 2024,Bahrain,CPI Transportation,107.8,108.3,points
May 2024,Bahrain,Food Inflation,8.7,7.8,percent
Dec 2022,Bahrain,GDP Deflator,125.93,116.68,points
May 2024,Bahrain,Inflation Rate YoY,2.5,1.2,percent
May 2024,Bahrain,Inflation Rate MoM,0.0,0.3,percent
May 2024,Algeria,Consumer Price Index CPI,296.67,295.6,points
May 2024,Algeria,CPI Housing Utilities,175.86,175.86,points
May 2024,Algeria,CPI Transportation,226.75,226.75,points
May 2024,Algeria,Food Inflation,2.52,1.18,percent
May 2024,Algeria,Inflation Rate,3.67,3.0,percent
May 2024,Algeria,Inflation Rate MoM,0.36,0.79,percent
Mar 2024,Algeria,Producer Prices,1773.7,1790.5,points
Mar 2024,Algeria,Producer Prices Change,-1.2,-2.3,percent
Jun 2024,Zambia,CPI Housing Utilities,446.0,436.76,points
Jun 2024,Zambia,CPI Transportation,637.4,635.79,points
Jun 2024,Zambia,Inflation Rate YoY,15.2,14.7,percent
Jun 2024,Zambia,Inflation Rate MoM,1.3,1.4,percent
Jun 2024,Angola,Consumer Price Index CPI,200.85,196.78,points
May 2024,Angola,CPI Housing Utilities,144.82,142.68,points
May 2024,Angola,CPI Transportation,161.09,144.83,points
Apr 2024,Angola,Food Inflation,33.0,30.2,percent
Jun 2024,Angola,Inflation Rate YoY,31.0,30.16,percent
Jun 2024,Angola,Inflation Rate MoM,2.07,2.49,percent
Jun 2024,Angola,Producer Prices,677.46,663.29,points
Jun 2024,Angola,Wholesale Prices YoY,36.42,35.78,percent
Mar 2024,Australia,CPI,137.4,136.1,points
Mar 2024,Australia,Core Consumer Prices,136.04,134.69,points
Mar 2024,Australia,RBA Trimmed Mean CPI YoY,4.0,4.2,percent
Mar 2024,Australia,CPI Housing Utilities,148.6,147.5,points
Mar 2024,Australia,CPI Transportation,131.2,130.5,points
Mar 2024,Australia,Export Prices,169.5,173.1,points
Mar 2024,Australia,Food Inflation,3.8,4.5,percent
Mar 2024,Australia,GDP Deflator,110.5,109.13,points
Mar 2024,Australia,Import Prices,131.7,134.1,points
Mar 2024,Australia,Inflation Rate YoY,3.6,4.1,percent
Mar 2024,Australia,Inflation Rate,1.0,0.6,percent
May 2024,Australia,Monthly CPI Indicator,4.0,3.6,percent
Mar 2024,Australia,Producer Prices,129.4,128.2,points
Mar 2024,Australia,PPI YoY,4.3,4.1,percent
Jun 2024,Argentina,Consumer Price Index CPI,6351.71,6073.72,points
Jun 2024,Argentina,Core Consumer Prices,6414.66,6188.67,points
Jun 2024,Argentina,Core Inflation Rate,267.2,277.3,percent
Jun 2024,Argentina,CPI Housing Utilities,5283.22,4623.36,points
Jun 2024,Argentina,CPI Transportation,6801.49,6544.31,points
Mar 2024,Argentina,Export Prices,186.4,186.6,points
Jun 2024,Argentina,Food Inflation,285.1,289.4,percent
Mar 2024,Argentina,GDP Deflator,61932.4,40515.1,points
Mar 2024,Argentina,Import Prices,134.6,132.6,points
Jun 2024,Argentina,Inflation Rate YoY,271.5,276.4,percent
Jun 2024,Argentina,Inflation Rate MoM,4.6,4.3,percent
Jun 2024,Argentina,Producer Prices,9726.67,9478.05,points
May 2024,Argentina,Producer Prices Change,287.1,296.7,percent
Jun 2024,Venezuela,Consumer Price Index CPI,27162536.87,26903972.5,million points
May 2024,Venezuela,CPI Transportation,29439175227.63,29142071193.64,thousand points
Jun 2024,Venezuela,Food Inflation,47.9,53.4,percent
Jun 2024,Venezuela,Inflation Rate,51.4,59.2,percent
Jun 2024,Venezuela,Inflation Rate MoM,1.0,1.5,percent
Mar 2024,Vanuatu,Consumer Price Index CPI,206.2,205.6,points
Mar 2024,Vanuatu,Inflation Rate,5.3,7.0,percent
Mar 2024,Vanuatu,Inflation Rate MoM,0.3,-1.6,percent
Jun 2024,Uruguay,Consumer Price Index CPI,108.34,107.95,points
Jun 2024,Uruguay,CPI Housing Utilities,109.49,109.17,points
Jun 2024,Uruguay,CPI Transportation,101.83,101.39,points
Jun 2024,Uruguay,Inflation Rate YoY,4.96,4.1,percent
Jun 2024,Uruguay,Inflation Rate MoM,0.36,0.4,percent
May 2024,Uruguay,Producer Prices,278.99,276.44,points
May 2024,Uruguay,Producer Prices Change,-1.59,-3.82,percent
Jun 2024,Zimbabwe,Consumer Price Index CPI,97.62,97.58,points
Jun 2024,Zimbabwe,CPI Housing Utilities,100.63,100.54,points
Jun 2024,Zimbabwe,CPI Transportation,100.1,99.27,points
Apr 2024,Zimbabwe,Food Inflation,105.1,100.7,percent
Jun 2024,Zimbabwe,Inflation Rate YoY,33.6,49.7,percent
Jun 2024,Zimbabwe,Inflation Rate MoM,0.0,-2.4,percent
Jun 2024,Vietnam,Consumer Price Index CPI,115.39,115.2,points
Jun 2024,Vietnam,Core Inflation Rate,2.61,2.68,percent
May 2024,Vietnam,Core Inflation Rate MoM,0.15,0.17,percent
Jun 2024,Vietnam,CPI Transportation,110.11,112.66,points
Dec 2023,Vietnam,Export Prices,95.6,110.5,points
Jun 2024,Vietnam,Food Inflation,4.66,4.47,percent
Dec 2022,Vietnam,GDP Deflator,171.54,165.17,points
Dec 2023,Vietnam,Import Prices,91.1,107.8,points
Jun 2024,Vietnam,Inflation Rate YoY,4.34,4.44,percent
Jun 2024,Vietnam,Inflation Rate MoM,0.17,0.05,percent
Jun 2024,Vietnam,Producer Price Inflation MoM,0.93,-0.64,percent
Jun 2024,Vietnam,Producer Prices,103.09,99.44,points
Jun 2024,United Kingdom,Energy Inflation,-16.0,-15.9,percent
Jun 2024,United Kingdom,Food Inflation,1.5,1.7,percent
Jun 2024,United Kingdom,Rent Inflation,7.2,7.0,percent
Jun 2024,United Kingdom,Services Inflation,5.7,5.7,percent
May 2024,United Arab Emirates,Dubai Consumer Price Index CPI,111.34,111.61,points
May 2024,United Arab Emirates,CPI Housing Utilities,112.34,111.74,points
May 2024,United Arab Emirates,CPI Transportation,117.69,117.72,points
May 2024,United Arab Emirates,Dubai Food Inflation,2.28,2.29,percent
May 2024,United Arab Emirates,Dubai Inflation Rate YoY,3.81,3.91,percent
May 2024,United Arab Emirates,Dubai Inflation Rate MoM,-0.24,0.76,percent
Jun 2024,United Kingdom,Consumer Price Index CPI,134.1,133.9,points
Jun 2024,United Kingdom,Core Consumer Prices,130.8,130.5,points
Jun 2024,United Kingdom,Core Inflation Rate YoY,3.5,3.5,percent
Jun 2024,United Kingdom,Core Producer Prices,135.9,135.8,points
Jun 2024,United Kingdom,CPI Housing Utilities,137.6,137.3,points
Jun 2024,United Kingdom,CPI Transportation,135.7,136.0,points
Mar 2024,United Kingdom,GDP Deflator,120.6,119.51,points
Jun 2024,United Kingdom,Inflation Rate YoY,2.0,2.0,percent
Jun 2024,United Kingdom,Inflation Rate MoM,0.1,0.3,percent
Jun 2024,United Kingdom,PPI Output MoM,-0.3,0.0,percent
Jun 2024,United Kingdom,Producer Prices,137.1,137.5,points
Jun 2024,United Kingdom,PPI Output YoY,1.4,1.7,percent
Jun 2024,United Kingdom,Retail Price Index YoY,2.9,3.0,percent
May 2024,Uzbekistan,Core Inflation Rate,11.4,7.9,percent
May 2024,Uzbekistan,Food Inflation,4.2,7.0,percent
May 2024,Uzbekistan,Inflation Rate,10.55,8.1,percent
May 2024,Uzbekistan,Inflation Rate MoM,2.8,0.9,percent
Jun 2024,Uganda,Consumer Price Index CPI,131.8,131.7,points
Jun 2024,Uganda,Core Consumer Prices,131.36,130.95,points
Jun 2024,Uganda,Core Inflation Rate,3.8,3.7,percent
Jun 2024,Uganda,CPI Housing Utilities,125.0,125.0,points
Jun 2024,Uganda,CPI Transportation,154.45,154.53,points
Jun 2024,Uganda,Food Inflation,-0.4,-0.9,percent
Jun 2024,Uganda,Inflation Rate YoY,3.9,3.6,percent
Jun 2024,Uganda,Inflation Rate MoM,0.0,0.2,percent
Dec 2023,Turkmenistan,Inflation Rate,5.9,11.48,percent
Jun 2024,Ukraine,Food Inflation,-0.1,-0.5,percent
May 2024,Ukraine,Consumer Price Index CPI,445.8,443.2,points
Apr 2024,Ukraine,Core Consumer Prices,104.4,104.2,points
Apr 2024,Ukraine,Core Inflation Rate,4.4,4.2,percent
May 2024,Ukraine,CPI Transportation,100.9,102.1,points
Feb 2024,Ukraine,Export Prices,88.6,86.5,points
Feb 2024,Ukraine,Import Prices,99.8,103.1,points
Jun 2024,Ukraine,Inflation Rate YoY,4.8,3.3,percent
Jun 2024,Ukraine,Inflation Rate MoM,2.2,0.6,percent
May 2024,Ukraine,Producer Prices,968.4,903.2,points
May 2024,Ukraine,Producer Prices Change,14.8,5.0,percent
Jun 2024,Togo,CPI Housing Utilities,115.8,115.9,points
Jun 2024,Togo,CPI Transportation,114.6,115.0,points
Jun 2024,Togo,Food Inflation,9.4,8.1,percent
Jun 2024,Togo,Inflation Rate,4.3,3.9,percent
Jun 2024,Turkey,CPI,2319.29,2281.85,points
Jun 2024,Turkey,Core Consumer Prices,1836.34,1805.16,points
Jun 2024,Turkey,Core Inflation Rate,71.41,74.98,percent
Jun 2024,Turkey,CPI Housing Utilities,2244.67,2162.66,points
Jun 2024,Turkey,CPI Transportation,2505.46,2508.8,points
May 2024,Turkey,Export Prices,114.14,113.11,points
Jun 2024,Turkey,Food Inflation,68.08,70.14,percent
Dec 2023,Turkey,GDP Deflator,240.4,237.4,points
May 2024,Turkey,Import Prices,131.94,131.47,points
Jun 2024,Turkey,Inflation Rate YoY,71.6,75.45,percent
Jun 2024,Turkey,Inflation Rate MoM,1.64,3.37,percent
Jun 2024,Tunisia,Rent Inflation,5.2,5.1,percent
Jun 2024,Tunisia,Consumer Price Index CPI,176.6,175.7,points
Jun 2024,Tunisia,CPI Housing Utilities,155.8,155.0,points
Jun 2024,Tunisia,CPI Transportation,162.8,162.5,points
Jun 2024,Tunisia,Food Inflation,10.1,9.7,percent
Jun 2024,Tunisia,Inflation Rate YoY,7.3,7.2,percent
Jun 2024,Turkey,Producer Prices,3483.25,3435.96,points
Jun 2024,Turkey,PPI YoY,50.09,57.68,percent
Jun 2024,Tunisia,Inflation Rate MoM,0.5,0.5,percent
Jun 2024,Tanzania,Consumer Price Index CPI,116.3,116.18,points
May 2024,Tanzania,Core Consumer Prices,113.46,113.23,points
May 2024,Tanzania,Core Inflation Rate,3.6,3.9,percent
Jun 2024,Tanzania,CPI Housing Utilities,117.31,115.14,points
Jun 2024,Tanzania,CPI Transportation,117.75,117.62,points
Mar 2024,Tanzania,Export Prices,110.5,108.5,points
Jun 2024,Tanzania,Food Inflation,0.9,1.6,percent
Jun 2024,Thailand,Core Inflation Rate YoY,0.36,0.39,percent
Jun 2024,Thailand,CPI Transportation,112.58,112.64,points
Jun 2024,Thailand,Food Inflation,0.48,1.13,percent
Jun 2024,Thailand,Inflation Rate YoY,0.62,1.54,percent
Jun 2024,Thailand,Inflation Rate MoM,-0.31,0.63,percent
Jun 2024,Thailand,Producer Prices,113.6,113.6,points
Jun 2024,Thailand,Producer Prices Change,4.7,3.9,percent
Mar 2024,Tanzania,Import Prices,101.0,101.8,points
Jun 2024,Tanzania,Inflation Rate YoY,3.1,3.1,percent
Jun 2024,Tanzania,Inflation Rate MoM,0.1,0.1,percent
Jun 2024,United States,Core Inflation Rate YoY,3.3,3.4,percent
Jun 2024,United States,Energy Inflation,1.0,3.7,Percent
Jun 2024,United States,Food Inflation,2.2,2.1,percent
Jun 2024,United States,Rent Inflation,5.2,5.4,percent
Jun 2024,United States,Services Inflation,5.0,5.2,Percent
Jun 2024,United States,CPI,314.18,314.07,points
Jun 2024,United States,Core Consumer Prices,318.35,318.14,points
May 2024,United States,CPI Median,4.32,4.48,percent
Jun 2024,United States,CPI s.a,313.05,313.23,points
May 2024,United States,CPI Trimmed-Mean,3.42,3.52,percent
Jun 2024,United States,Export Prices,148.0,148.7,points
Jun 2024,United States,Import Prices,141.6,141.6,points
Jun 2024,United States,Consumer Inflation Expectations,3.0,3.2,percent
Jun 2024,United States,Inflation Rate YoY,3.0,3.3,percent
Jun 2024,United States,Inflation Rate MoM,-0.1,0.0,percent
May 2024,United States,PCE Price Index,123.1,123.11,points
Jun 2024,United States,PPI YoY,2.6,2.4,percent
May 2024,Tajikistan,Food Inflation,2.2,1.5,percent
May 2024,Tajikistan,Inflation Rate,3.6,3.4,percent
May 2024,Tajikistan,Inflation Rate MoM,-0.1,0.3,percent
May 2024,Tajikistan,Producer Prices Change,1.3,0.2,percent
May 2024,Trinidad and Tobago,Consumer Price Index CPI,123.6,123.4,points
May 2024,Trinidad and Tobago,CPI Transportation,126.6,126.6,points
May 2024,Trinidad and Tobago,Food Inflation,3.1,1.1,percent
May 2024,Trinidad and Tobago,Inflation Rate,0.9,0.5,percent
May 2024,Trinidad and Tobago,Inflation Rate MoM,0.2,-0.3,Percent
Mar 2024,Trinidad and Tobago,Producer Prices,651.8,651.4,points
Jun 2024,Taiwan,Consumer Price Index CPI,107.71,107.38,points
Jun 2024,Taiwan,Core Inflation Rate,1.83,1.84,percent
Jun 2024,Taiwan,CPI Housing Utilities,107.41,106.13,points
Jun 2024,Taiwan,CPI Transportation,104.8,104.67,points
Jun 2024,Taiwan,Food Inflation,4.16,3.43,percent
Jun 2024,Taiwan,Inflation Rate YoY,2.42,2.24,percent
Jun 2024,Taiwan,Inflation Rate MoM,0.26,0.17,percent
May 2024,Taiwan,Producer Prices Change,2.73,2.06,percent
Jun 2024,Switzerland,Food Inflation,-0.3,0.2,percent
Jun 2024,Switzerland,CPI,107.7,107.7,points
Jun 2024,Switzerland,Core Consumer Prices,105.5,105.47,points
Jun 2024,Switzerland,Core Inflation Rate,1.1,1.2,percent
Jun 2024,Switzerland,CPI Housing Utilities,113.0,113.01,points
Jun 2024,Switzerland,CPI Transportation,114.7,115.01,points
May 2024,Switzerland,Export Prices,99.9,101.4,points
Jun 2024,Switzerland,Inflation Rate YoY,1.3,1.4,percent
Jun 2024,Switzerland,Inflation Rate MoM,0.0,0.3,percent
May 2024,Swaziland,Consumer Price Index CPI,118.9,118.6,points
May 2024,Swaziland,CPI Transportation,2.1,2.7,percent
May 2024,Swaziland,Food Inflation,3.6,3.7,percent
May 2024,Swaziland,Inflation Rate,4.1,4.1,percent
Jun 2024,Switzerland,Producer Prices,107.1,107.2,points
Jun 2024,Switzerland,Producer & Import Prices YoY,-1.9,-1.8,percent
May 2024,Sri Lanka,Consumer Price Index CPI,194.1,195.2,points
Jun 2024,Sri Lanka,Core Consumer Prices,193.7,193.6,points
Jun 2024,Sri Lanka,Core Inflation Rate,4.4,3.5,percent
May 2024,Sri Lanka,CPI Housing Utilities,145.6,146.5,points
May 2024,Sri Lanka,CPI Transportation,239.4,240.3,points
May 2024,Sri Lanka,Export Prices,195.82,173.2,points
May 2024,Sri Lanka,Food Inflation,0.0,2.9,percent
Dec 2022,Sri Lanka,GDP Deflator,200.93,134.27,points
May 2024,Sri Lanka,Import Prices,268.94,239.4,points
Jun 2024,Sri Lanka,Inflation Rate YoY,1.7,0.9,percent
May 2024,Sri Lanka,Inflation Rate MoM,-0.6,-0.8,percent
Apr 2024,Sri Lanka,Producer Prices,242.7,246.7,points
Apr 2024,Sri Lanka,PPI YoY,-1.2,-0.3,percent
Jun 2024,Sweden,CPI,415.86,416.18,points
Jun 2024,Sweden,Core Consumer Prices,247.28,247.41,points
Jun 2024,Sweden,CPI Housing Utilities,572.97,571.22,points
Jun 2024,Sweden,CPI Transportation,565.89,564.81,points
Jun 2024,Sweden,CPI with fixed interest rate MoM,0.0,0.2,percent
Jun 2024,Sweden,CPI with fixed interest rate YoY,1.3,2.3,percent
May 2024,Sweden,Export Prices,139.9,137.5,points
Jun 2024,Sweden,Food Inflation,1.08,1.46,percent
Jun 2024,Sweden,Harmonised Consumer Prices,128.92,129.02,points
May 2024,Sweden,Import Prices,143.0,140.9,points
Jun 2024,Sweden,Inflation Rate YoY,2.6,3.7,percent
Jun 2024,Sweden,Inflation Rate MoM,-0.1,0.2,percent
May 2024,Sweden,Producer Prices,134.3,134.3,points
May 2024,Sweden,PPI YoY,2.6,0.9,percent
May 2024,Suriname,Consumer Price Index CPI,812.8,808.7,points
May 2024,Suriname,Food Inflation,9.1,12.1,percent
May 2024,Suriname,Inflation Rate,18.6,20.9,percent
May 2024,Suriname,Inflation Rate MoM,0.5,0.7,percent
Dec 2023,Syria,Inflation Rate,139.6,144.6,percent
Jun 2024,Spain,CPI,116.21,115.78,points
Jun 2024,Spain,Core Consumer Prices,115.42,114.9,points
Jun 2024,Spain,Core Inflation Rate YoY Prel,3.0,3.0,percent
Jun 2024,Spain,CPI Housing Utilities,108.01,107.18,points
Jun 2024,Spain,CPI Transportation,113.16,113.63,points
Jun 2024,Spain,Food Inflation,4.2,4.4,percent
Jun 2024,Spain,Harmonised Consumer Prices,124.44,123.95,points
Jun 2024,Spain,Inflation Rate YoY Prel,3.4,3.6,percent
Jun 2024,Spain,Inflation Rate MoM Prel,0.3,0.3,percent
Jun 2024,Spain,Producer Prices,123.3,121.0,points
Jun 2024,Spain,PPI YoY,-3.5,-4.5,percent
Jun 2024,South Africa,Consumer Price Index CPI,115.4,115.3,points
Jun 2024,South Africa,Core Consumer Prices,112.7,112.3,points
Jun 2024,South Africa,Core Inflation Rate YoY,4.5,4.6,percent
Jun 2024,South Africa,Core Inflation Rate MoM,0.4,0.1,percent
Jun 2024,South Africa,CPI Housing Utilities,111.2,110.7,points
Jun 2024,South Africa,CPI Transportation,118.5,120.4,points
May 2024,South Africa,Food Inflation,4.7,4.7,percent
Jun 2024,South Africa,Inflation Rate YoY,5.1,5.2,percent
Jun 2024,South Africa,Inflation Rate MoM,0.1,0.2,percent
May 2024,South Africa,PPI MoM,0.1,0.5,percent
Mar 2024,South Sudan,Consumer Price Index CPI,19668.14,15252.03,points
Dec 2023,South Sudan,Core Consumer Prices,39292.91,43098.41,points
Mar 2024,South Sudan,CPI Housing Utilities,1023487.26,756479.88,points
Mar 2024,South Sudan,CPI Transportation,1426312.94,1158936.4,points
Mar 2024,South Sudan,Food Inflation,186.0,116.6,percent
Mar 2024,South Sudan,Inflation Rate,22.5,-7.4,percent
Mar 2024,South Sudan,Inflation Rate MoM,29.0,3.1,percent
May 2024,South Africa,Producer Prices,102.3,102.2,points
May 2024,South Africa,PPI YoY,4.6,5.1,percent
Jun 2024,Somalia,Consumer Price Index CPI,151.35,150.64,points
Jun 2024,Somalia,CPI Housing Utilities,144.55,144.43,points
Jun 2024,Somalia,CPI Transportation,128.06,122.64,points
Jun 2024,Somalia,Food Inflation,-0.07,0.0,percent
Jun 2024,Somalia,Inflation Rate YoY,5.31,4.8,percent
Jun 2024,Somalia,Inflation Rate MoM,0.47,1.49,percent
May 2024,Solomon Islands,Consumer Price Index CPI,123.7,124.1,Index
May 2024,Solomon Islands,Core Inflation Rate,2.8,2.5,percent
May 2024,Solomon Islands,CPI Housing Utilities,144.2,142.0,points
May 2024,Solomon Islands,CPI Transportation,120.3,120.0,points
May 2024,Solomon Islands,Food Inflation,3.6,3.1,percent
May 2024,Solomon Islands,Inflation Rate,3.6,4.4,percent
May 2024,Solomon Islands,Inflation Rate MoM,-0.3,-0.3,percent
Jun 2024,Slovenia,CPI,128.38,127.88,points
Jun 2024,Slovenia,Core Consumer Prices,128.25,127.34,points
Jun 2024,Slovenia,Core Inflation Rate,2.3,2.4,percent
Jun 2024,Slovenia,CPI Housing Utilities,141.42,142.2,points
Jun 2024,Slovenia,CPI Transportation,114.08,115.35,points
Jun 2024,Slovenia,Food Inflation,0.5,-0.2,percent
Dec 2023,Slovenia,GDP Deflator,108.9,106.5,points
Jun 2024,Slovenia,Harmonised Consumer Prices,128.44,128.4,points
Jun 2024,Slovenia,Inflation Rate YoY,1.5,2.5,percent
Jun 2024,Slovenia,Inflation Rate MoM,0.4,0.5,percent
Jun 2024,Slovenia,Producer Prices,124.35,124.58,points
Jun 2024,Slovenia,PPI YoY,-2.1,-2.4,percent
Jun 2024,Slovakia,CPI,232.9,232.9,points
May 2024,Slovakia,Core Consumer Prices,169.1,169.0,points
Jun 2024,Slovakia,Core Inflation Rate YoY,1.8,2.1,percent
Jun 2024,Slovakia,CPI Housing Utilities,327.7,327.2,points
Jun 2024,Slovakia,CPI Transportation,163.4,164.5,points
Apr 2024,Slovakia,Export Prices,100.2,99.9,points
Jun 2024,Slovakia,Food Inflation,0.5,0.7,percent
Dec 2023,Slovakia,GDP Deflator,132.15,131.57,points
Jun 2024,Slovakia,Harmonised Consumer Prices,172.79,142.72,points
Apr 2024,Slovakia,Import Prices,100.4,100.1,points
Jun 2024,Slovakia,Inflation Rate YoY,2.1,2.2,percent
Jun 2024,Slovakia,Inflation Rate MoM,0.0,0.1,percent
May 2024,Slovakia,Producer Prices,114.7,114.3,points
Apr 2024,Slovakia,Producer Prices Change,-13.4,-15.0,percent
Jun 2024,South Korea,CPI,113.84,114.09,points
Jun 2024,South Korea,Core Consumer Prices,112.56,112.42,points
Jun 2024,South Korea,Core Inflation Rate,2.0,2.0,percent
Jun 2024,South Korea,CPI Housing Utilities,114.43,114.15,points
Jun 2024,South Korea,CPI Transportation,114.01,115.74,points
Jun 2024,South Korea,Food Inflation,3.8,5.1,percent
Jun 2024,South Korea,Inflation Rate YoY,2.4,2.7,percent
Jun 2024,South Korea,Inflation Rate MoM,-0.2,0.1,percent
Jun 2024,Seychelles,Consumer Price Index CPI,126.18,126.37,points
Jun 2024,Seychelles,Core Consumer Prices,127.06,127.16,points
Jun 2024,Seychelles,Core Inflation Rate,-0.93,-0.86,percent
Jun 2024,Seychelles,CPI Housing Utilities,140.44,140.4,points
Jun 2024,Seychelles,CPI Transportation,143.83,144.74,points
Mar 2024,Seychelles,Export Prices,116.46,116.05,points
Jun 2024,Seychelles,Food Inflation,-1.11,-1.26,percent
Mar 2024,Seychelles,Import Prices,102.0,101.78,points
Jun 2024,Seychelles,Inflation Rate YoY,0.44,0.57,percent
Jun 2024,Seychelles,Inflation Rate MoM,-0.16,-0.46,percent
Jun 2024,Serbia,CPI,274.9,274.7,points
Jun 2024,Serbia,CPI Housing Utilities,317.3,317.0,points
Jun 2024,Serbia,CPI Transportation,217.8,220.6,points
Jun 2024,Serbia,Food Inflation,-0.1,1.3,percent
Jun 2024,Serbia,Inflation Rate YoY,3.8,4.5,percent
Jun 2024,Serbia,Inflation Rate MoM,0.1,0.4,percent
Jun 2024,Serbia,PPI YoY,2.8,2.2,percent
Jun 2024,Singapore,CPI,116.32,116.57,points
Jun 2024,Singapore,Core Consumer Prices,116.71,117.08,points
Jun 2024,Singapore,Core Inflation Rate YoY,2.9,3.1,percent
Jun 2024,Singapore,CPI Housing Utilities,115.29,115.14,points
Jun 2024,Singapore,CPI Transportation,133.97,135.24,points
May 2024,Singapore,Export Prices,98.2,99.49,points
Jun 2024,Singapore,Food Inflation,2.8,2.8,percent
Mar 2024,Singapore,GDP Deflator,128.5,128.47,points
May 2024,Seychelles,Producer Prices,108.0,107.4,points
May 2024,Seychelles,Producer Prices Change,5.3,3.3,percent
May 2024,Singapore,Import Prices,97.7,98.99,points
Jun 2024,Singapore,Inflation Rate YoY,2.4,3.1,percent
Jun 2024,Singapore,Inflation Rate MoM,-0.2,0.7,percent
May 2024,Singapore,Producer Prices,101.5,102.2,points
May 2024,Singapore,PPI YoY,2.6,2.0,percent
Jun 2024,Senegal,Rent Inflation,1.4,1.1,percent
Jun 2024,Senegal,Consumer Price Index CPI,128.1,127.6,points
Jun 2024,Senegal,CPI Housing Utilities,109.0,109.3,points
Jun 2024,Senegal,CPI Transportation,113.4,113.3,points
May 2024,Senegal,Export Prices,136.5,133.5,points
Jun 2024,Senegal,Food Inflation,1.4,2.5,percent
May 2024,Senegal,Import Prices,135.4,131.5,points
Jun 2024,Senegal,Inflation Rate YoY,1.3,2.1,percent
Jun 2024,Senegal,Inflation Rate MoM,0.3,-0.2,percent
May 2024,Senegal,Producer Prices,135.8,136.0,points
May 2024,Senegal,Producer Prices Change,1.3,0.5,percent
Jun 2024,Saudi Arabia,Consumer Price Index CPI,111.22,111.07,points
Jun 2024,Saudi Arabia,CPI Housing Utilities,105.35,104.79,points
Jun 2024,Saudi Arabia,CPI Transportation,115.97,115.99,points
Jun 2024,Saudi Arabia,Food Inflation,1.13,1.4,percent
Dec 2021,Saudi Arabia,GDP Deflator,119.5,103.72,points
Jun 2024,Saudi Arabia,Inflation Rate YoY,1.5,1.6,percent
Jun 2024,Saudi Arabia,Inflation Rate MoM,0.14,0.2,percent
Jun 2024,Saudi Arabia,Producer Prices,154.0,154.2,points
Jun 2024,Saudi Arabia,Wholesale Prices YoY,3.2,3.2,percent
May 2024,Sao Tome and Principe,Consumer Price Index CPI,246.2,246.6,points
May 2024,Sao Tome and Principe,Inflation Rate YoY,16.6,19.2,percent
May 2024,Sao Tome and Principe,Inflation Rate MoM,-0.2,1.0,percent
May 2024,Sierra Leone,Consumer Price Index CPI,224.77,220.89,points
May 2024,Sierra Leone,CPI Housing Utilities,190.26,189.0,points
May 2024,Sierra Leone,CPI Transportation,226.91,219.28,points
May 2024,Sierra Leone,Food Inflation,32.42,36.91,percent
May 2024,Sierra Leone,Inflation Rate,35.84,38.06,percent
May 2024,Sierra Leone,Inflation Rate MoM,1.76,2.06,percent
Jun 2024,Rwanda,Core Inflation Rate,6.7,7.0,percent
Jun 2024,Rwanda,CPI Housing Utilities,150.5,150.67,points
Jun 2024,Rwanda,CPI Transportation,170.6,171.56,points
Jun 2024,Rwanda,Food Inflation,-3.9,3.5,percent
Mar 2024,Rwanda,GDP Deflator,149.0,149.0,points
Jun 2024,Rwanda,Inflation Rate YoY,1.1,1.3,percent
Jun 2024,Rwanda,Inflation Rate MoM,-0.6,-1.0,percent
May 2024,Romania,Food Inflation,1.24,2.07,percent
May 2024,Romania,Consumer Price Index CPI,247.99,248.25,points
Jun 2024,Romania,CPI Transportation,99.97,100.15,points
Jun 2024,Romania,Inflation Rate YoY,4.94,5.1,percent
Jun 2024,Romania,Inflation Rate MoM,0.24,-0.02,percent
May 2024,Romania,Producer Prices,145.68,144.73,points
May 2024,Romania,PPI YoY,-1.03,-3.96,percent
May 2024,Qatar,Consumer Price Index CPI,107.59,107.12,points
May 2024,Qatar,CPI Housing Utilities,94.88,95.75,points
May 2024,Qatar,CPI Transportation,111.3,111.16,points
May 2024,Qatar,Food Inflation,4.62,3.2,percent
May 2024,Qatar,Inflation Rate YoY,0.93,0.71,percent
May 2024,Qatar,Inflation Rate MoM,0.44,0.42,percent
May 2024,Qatar,Producer Prices,115.03,112.35,points
May 2024,Qatar,Producer Prices Change,2.24,-6.02,percent
Apr 2024,Russia,Consumer Price Index CPI,255.0,254.0,points
Jun 2024,Russia,Core Consumer Prices,100.6,100.9,points
Jun 2024,Russia,Core Inflation Rate,8.73,8.64,percent
Jun 2024,Russia,Food Inflation,9.81,9.11,percent
Sep 2023,Russia,GDP Deflator,125.06,120.23,points
Jun 2024,Russia,Inflation Rate YoY,8.6,8.3,percent
Jun 2024,Russia,Inflation Rate MoM,0.6,0.7,percent
Jun 2024,Russia,PPI MoM,-1.5,1.6,percent
May 2024,Russia,Producer Prices,314.0,308.4,points
Dec 2023,Republic of the Congo,Consumer Price Index CPI,113.4,112.8,points
Dec 2023,Republic of the Congo,Food Inflation,4.8,4.2,percent
Dec 2023,Republic of the Congo,Inflation Rate,5.6,5.0,percent
Dec 2023,Republic of the Congo,Inflation Rate MoM,0.6,0.6,percent
Jun 2024,Russia,PPI YoY,14.0,16.2,percent
May 2024,Puerto Rico,Consumer Price Index CPI,136.5,136.4,points
May 2024,Puerto Rico,CPI Housing Utilities,124.69,124.57,points
May 2024,Puerto Rico,CPI Transportation,130.09,129.78,points
May 2024,Puerto Rico,Food Inflation,3.4,3.4,percent
May 2024,Puerto Rico,Inflation Rate,2.5,2.5,percent
May 2024,Puerto Rico,Inflation Rate MoM,0.07,0.19,percent
Jun 2024,Paraguay,Consumer Price Index CPI,133.4,133.9,points
Jun 2024,Paraguay,Core Consumer Prices,132.4,132.2,points
Jun 2024,Paraguay,Core Inflation Rate,4.2,4.3,percent
Jun 2024,Paraguay,CPI Housing Utilities,116.6,116.4,points
Jun 2024,Poland,Consumer Price Index CPI,255.2,254.9,points
Mar 2024,Poland,Core Consumer Prices,148.04,147.43,points
Apr 2024,Poland,Export Prices,86.6,84.2,points
Jun 2024,Poland,Food Inflation,2.5,1.6,percent
Apr 2024,Poland,Import Prices,89.8,87.6,points
Jun 2024,Poland,Inflation Rate YoY,2.6,2.5,percent
Jun 2024,Poland,Inflation Rate MoM,0.1,0.1,percent
Jun 2024,Poland,Producer Prices,117.0,116.9,points
Jun 2024,Paraguay,CPI Transportation,147.9,147.4,points
May 2024,Paraguay,Food Inflation,9.9,9.4,percent
Dec 2023,Paraguay,GDP Deflator,139.47,139.32,points
Jun 2024,Paraguay,Inflation Rate YoY,4.3,4.4,percent
Jun 2024,Paraguay,Inflation Rate MoM,-0.4,0.4,percent
May 2024,Paraguay,Producer Prices,160.5,159.5,points
May 2024,Paraguay,PPI YoY,-2.07,-2.03,percent
Jun 2024,Poland,PPI YoY,-6.1,-7.0,percent
Jun 2024,Peru,Consumer Price Index CPI,113.73,113.59,points
Jun 2024,Peru,Core Consumer Prices,113.23,113.0,points
Jun 2024,Peru,Core Inflation Rate,3.26,3.36,percent
Mar 2024,Peru,CPI Housing Utilities,104.2,103.96,points
Mar 2024,Peru,CPI Transportation,114.14,113.55,points
Jun 2024,Peru,Inflation Rate YoY,2.3,2.0,percent
Jun 2024,Peru,Inflation Rate MoM,0.12,-0.09,percent
Mar 2024,Peru,Producer Prices,131.76,132.31,points
Jun 2024,Philippines,Food Inflation,6.1,5.8,percent
Jun 2024,Philippines,Consumer Price Index CPI,125.6,125.6,points
Jun 2024,Philippines,Core Consumer Prices,125.5,125.2,points
Jun 2024,Philippines,Core Inflation Rate YoY,3.1,3.1,percent
Jun 2024,Philippines,CPI Housing Utilities,118.4,119.8,points
Jun 2024,Philippines,CPI Transportation,130.7,131.1,points
Dec 2023,Philippines,Export Prices,119.28,110.6,points
Dec 2023,Philippines,GDP Deflator,119.79,113.8,points
Dec 2023,Philippines,Import Prices,120.86,129.78,points
Jun 2024,Philippines,Inflation Rate YoY,3.7,3.9,percent
Jun 2024,Philippines,Inflation Rate MoM,0.0,0.1,percent
May 2024,Philippines,Producer Prices,98.1,98.0,points
May 2024,Philippines,PPI YoY,-0.8,-0.6,percent
May 2024,Philippines,Retail Price Index YoY,2.0,2.1,percent
Jun 2024,Portugal,CPI,121.75,121.76,points
May 2024,Portugal,Core Consumer Prices,119.98,119.59,points
May 2024,Portugal,Core Inflation Rate,2.7,2.03,percent
Jun 2024,Portugal,CPI Housing Utilities,131.52,128.83,points
Jun 2024,Portugal,CPI Transportation,116.29,116.73,points
Jun 2024,Portugal,Food Inflation,2.97,3.41,percent
Dec 2023,Portugal,GDP Deflator,5.0,7.4,percent
Jun 2024,Portugal,Harmonised Consumer Prices,123.46,123.83,points
Jun 2024,Portugal,Inflation Rate YoY Prel,2.8,3.07,percent
Jun 2024,Portugal,Inflation Rate MoM Prel,0.0,0.2,percent
Jun 2024,Portugal,Producer Prices,119.62,118.62,points
Jun 2024,Portugal,PPI YoY,2.0,0.6,percent
Jun 2024,Pakistan,Consumer Price Index CPI,255.94,254.78,points
Jun 2024,Pakistan,CPI Housing Utilities,240.15,236.63,points
Jun 2024,Pakistan,CPI Transportation,308.23,315.06,points
Jun 2024,Pakistan,Food Inflation,0.97,-0.17,percent
Jun 2024,Pakistan,Inflation Rate YoY,12.6,11.8,percent
Jun 2024,Pakistan,Inflation Rate MoM,0.5,-3.2,percent
Jun 2024,Pakistan,Producer Prices,308.85,307.7,points
Jun 2024,Pakistan,Wholesale Prices YoY,10.6,9.93,percent
Jun 2024,Palestine,Consumer Price Index CPI,168.99,167.59,points
Jun 2024,Palestine,CPI Transportation,148.62,159.8,points
Jun 2024,Palestine,Food Inflation,33.39,36.4,percent
Jun 2024,Palestine,Inflation Rate YoY,54.04,52.24,percent
May 2024,Palestine,Producer Prices,137.02,141.85,points
May 2024,Palestine,PPI YoY,29.4,31.4,percent
May 2024,Oman,CPI Transportation,102.0,100.2,points
Jun 2024,Oman,Food Inflation,3.8,3.8,percent
Jun 2024,Oman,Inflation Rate YoY,0.7,0.94,percent
Jun 2024,Oman,Inflation Rate MoM,0.1,0.28,percent
Jun 2024,Norway,Food Inflation,4.9,5.4,percent
Jun 2024,Norway,CPI,133.8,133.5,points
Jun 2024,Norway,Core Consumer Prices,130.4,130.1,points
Jun 2024,Norway,Core Inflation Rate YoY,3.4,4.1,percent
Jun 2024,Norway,CPI Housing Utilities,134.8,134.7,points
Jun 2024,Norway,CPI Transportation,139.1,138.7,points
Mar 2024,Norway,Export Prices,187.1,197.3,points
Dec 2023,Norway,GDP Deflator,113.88,111.16,points
Jun 2024,Norway,Harmonised Consumer Prices,135.7,135.3,points
Mar 2024,Norway,Import Prices,204.5,209.5,points
Jun 2024,Norway,Inflation Rate YoY,2.6,3.0,percent
Jun 2024,Norway,Inflation Rate MoM,0.2,-0.1,percent
Jun 2024,Norway,Producer Prices,115.5,114.9,points
Jun 2024,Norway,PPI YoY,3.4,3.2,percent
Mar 2024,Papua New Guinea,Consumer Price Index CPI,169.8,173.6,points
Mar 2024,Papua New Guinea,Food Inflation,4.4,5.5,percent
Mar 2024,Papua New Guinea,Inflation Rate,2.55,3.86,percent
May 2024,Niger,Consumer Price Index CPI,128.4,126.2,points
May 2024,Niger,Food Inflation,19.4,15.7,percent
May 2024,Niger,Inflation Rate,13.0,10.99,percent
May 2024,Niger,Inflation Rate MoM,1.7,2.6,percent
Jun 2024,Nicaragua,Consumer Price Index CPI,311.1,310.3,points
Jun 2024,Nicaragua,Core Consumer Prices,285.48,284.36,points
Jun 2024,Nicaragua,Core Inflation Rate,4.2,4.45,percent
Jun 2024,Nicaragua,CPI Housing Utilities,252.2,252.0,points
Jun 2024,Nicaragua,CPI Transportation,259.0,258.8,points
Jun 2024,Nicaragua,Food Inflation,7.55,7.3,percent
Jun 2024,Nicaragua,Inflation Rate YoY,4.82,5.45,percent
Jun 2024,Nicaragua,Inflation Rate MoM,0.27,0.6,percent
Jun 2024,New Zealand,CPI,1272.0,1267.0,points
Jun 2024,New Zealand,Core Consumer Prices,1264.0,1260.0,points
Jun 2024,New Zealand,CPI Housing Utilities,1372.0,1357.0,points
Jun 2024,New Zealand,CPI Transportation,1262.0,1268.0,points
Mar 2024,New Zealand,Export Prices,1362.0,1366.0,points
Jun 2024,New Zealand,Food Inflation YoY,-0.3,0.2,percent
Mar 2024,New Zealand,GDP Deflator,1460.0,1439.0,points
Mar 2024,New Zealand,Import Prices,998.0,1052.0,points
Jun 2024,New Zealand,Inflation Rate YoY,3.3,4.0,percent
Jun 2024,New Zealand,Inflation Rate,0.4,0.6,percent
Mar 2024,New Zealand,Producer Prices,1409.0,1397.0,points
Jun 2024,Nigeria,Consumer Price Index CPI,750.3,733.4,points
Jun 2024,Nigeria,Core Consumer Prices,577.64,576.9,points
Jun 2024,Nigeria,Core Inflation Rate,27.4,27.04,percent
Jun 2024,Nigeria,CPI Housing Utilities,596.5,583.9,points
Jun 2024,Nigeria,CPI Transportation,621.0,606.4,points
Jun 2024,Nigeria,Food Inflation YoY,40.87,40.66,percent
Dec 2023,Nigeria,GDP Deflator,302.7,311.99,points
Jun 2024,Nigeria,Inflation Rate YoY,34.19,33.95,percent
Jun 2024,Nigeria,Inflation Rate MoM,2.31,2.14,percent
Jun 2024,Netherlands,CPI,129.91,129.69,points
May 2024,Netherlands,Core Consumer Prices,123.73,123.26,points
May 2024,Netherlands,Core Inflation Rate,2.6,2.5,percent
Jun 2024,Netherlands,CPI Housing Utilities,129.16,129.21,points
Jun 2024,Netherlands,CPI Transportation,133.15,135.05,points
Apr 2024,Netherlands,Export Prices,125.0,126.8,points
Jun 2024,Netherlands,Food Inflation,1.0,1.0,percent
Dec 2023,Netherlands,GDP Deflator,128.8,129.7,points
Jun 2024,Netherlands,Harmonised Consumer Prices,132.07,131.85,points
Apr 2024,Netherlands,Import Prices,120.4,118.2,points
Jun 2024,Netherlands,Inflation Rate YoY Prel,3.2,2.7,percent
Jun 2024,Netherlands,Inflation Rate MoM,0.2,0.2,percent
May 2024,Netherlands,Producer Prices,119.8,121.0,points
May 2024,Netherlands,Producer Prices Change,0.4,0.0,percent
Jun 2024,Panama,Consumer Price Index CPI,110.59,110.93,points
Jun 2024,Panama,CPI Housing Utilities,108.11,108.14,points
Jun 2024,Panama,CPI Transportation,113.77,115.47,points
Jun 2024,Panama,Food Inflation,1.04,0.95,percent
Jun 2024,Panama,Inflation Rate YoY,0.89,1.26,percent
Jun 2024,Panama,Inflation Rate MoM,-0.31,-0.17,percent
Jun 2024,Namibia,Consumer Price Index CPI,170.4,170.71,points
Jun 2024,Namibia,CPI Housing Utilities,145.7,145.7,points
Jun 2024,Namibia,CPI Transportation,189.0,188.79,points
Dec 2023,Namibia,Export Prices,156.0,149.0,points
Dec 2023,Namibia,GDP Deflator,150.52,141.45,points
Dec 2023,Namibia,Import Prices,119.0,117.0,points
Jun 2024,Namibia,Inflation Rate YoY,4.6,4.9,percent
Jun 2024,Namibia,Inflation Rate MoM,0.2,0.3,percent
Jun 2023,Myanmar,Consumer Price Index CPI,188.05,176.59,points
Jun 2023,Myanmar,CPI Housing Utilities,177.8,169.73,points
Jun 2023,Myanmar,CPI Transportation,220.13,212.06,points
Jun 2023,Myanmar,Food Inflation,-7.6,-5.6,percent
Jun 2023,Myanmar,Inflation Rate,28.58,27.5,percent
Jun 2024,New Caledonia,Consumer Price Index CPI,106.24,104.88,points
Jun 2024,New Caledonia,CPI Housing Utilities,104.81,104.81,points
Jun 2024,New Caledonia,CPI Transportation,104.38,102.92,points
Jun 2024,New Caledonia,Food Inflation,3.2,-1.2,percent
Jun 2024,New Caledonia,Inflation Rate,1.4,0.2,percent
Jun 2024,New Caledonia,Inflation Rate MoM,1.3,0.0,percent
Jun 2024,Montenegro,Consumer Price Index CPI,136.2,136.1,points
Jun 2024,Montenegro,CPI Housing Utilities,130.8,130.7,points
Jun 2024,Montenegro,CPI Transportation,127.5,128.4,points
Mar 2024,Montenegro,Export Prices,184.1,182.1,points
Jun 2024,Montenegro,Food Inflation,1.4,2.8,percent
Jun 2024,Montenegro,Harmonised Consumer Prices,136.23,135.63,points
Jun 2024,Montenegro,Harmonised Inflation Rate YoY,3.9,5.1,percent
Jun 2024,Montenegro,Inflation Rate YoY,4.1,4.9,percent
Jun 2024,Montenegro,Inflation Rate MoM,0.1,0.1,percent
May 2024,Montenegro,Producer Prices,102.8,102.3,points
May 2024,Montenegro,PPI YoY,3.7,2.3,percent
Jun 2024,Morocco,Consumer Price Index CPI,119.0,118.5,points
Jun 2024,Morocco,Core Inflation Rate,2.4,2.2,percent
Jun 2024,Morocco,CPI Housing Utilities,108.6,107.0,points
Jun 2024,Morocco,CPI Transportation,119.8,120.6,points
Jun 2024,Morocco,Food Inflation,1.6,-1.3,percent
Jun 2024,Morocco,Inflation Rate YoY,1.8,0.4,percent
Jun 2024,Morocco,Inflation Rate MoM,0.4,-0.2,percent
May 2024,Morocco,Producer Prices,117.5,117.4,points
Jun 2024,Moldova,Consumer Price Index CPI,4201.34,4203.7,points
Jun 2024,Moldova,Core Inflation Rate,8.4,8.2,percent
Jun 2024,Moldova,Food Inflation,3.8,4.2,percent
Jun 2024,Moldova,Inflation Rate YoY,3.8,3.3,percent
Jun 2024,Moldova,Inflation Rate MoM,-0.1,0.2,percent
May 2024,Moldova,Producer Prices,208.3,204.5,points
Jun 2024,Moldova,PPI YoY,-0.8,-1.3,percent
Jun 2024,Mexico,Consumer Price Index CPI,134.59,134.09,points
Jun 2024,Mexico,Core Consumer Prices,134.33,134.04,points
Jun 2024,Mexico,Core Inflation Rate YoY,4.13,4.21,percent
Jun 2024,Mexico,CPI Housing Utilities,117.3,117.0,points
Jun 2024,Mexico,CPI Transportation,128.96,128.53,points
Jun 2024,Mexico,Food Inflation,6.54,6.0,percent
Mar 2024,Mexico,GDP Deflator,129.9,129.82,points
Jun 2024,Mexico,Inflation Rate YoY,4.98,4.69,percent
Jun 2024,Mexico,Inflation Rate MoM,0.38,-0.19,percent
Jun 2024,Mexico,Mid-month Core Inflation Rate MoM,0.17,0.15,percent
Jun 2024,Mexico,Mid-month Core Inflation Rate YoY,4.17,4.31,percent
Jun 2024,Mexico,Mid-month Inflation Rate MoM,0.21,-0.21,percent
Jun 2024,Mexico,Mid-month Inflation Rate YoY,4.78,4.78,percent
Jun 2024,Mexico,Producer Prices,126.47,124.86,points
Jun 2024,Mexico,Producer Prices Change,4.8,3.22,percent
Jun 2024,Mongolia,Consumer Price Index CPI,145.4,145.0,points
Jun 2024,Mongolia,CPI Housing Utilities,131.5,131.3,points
Jun 2024,Mongolia,CPI Transportation,130.5,130.3,points
Jun 2024,Mongolia,Food Inflation,4.7,6.7,percent
Jun 2024,Mongolia,Inflation Rate YoY,5.1,5.8,percent
Jun 2024,Mongolia,Inflation Rate MoM,0.3,0.7,percent
Jun 2024,Mongolia,Producer Prices,230.2,227.2,points
Jun 2024,Mongolia,Producer Prices Change,15.0,9.8,percent
Jun 2024,Mauritius,Consumer Price Index CPI,102.6,102.9,points
Jun 2024,Mauritius,Core Inflation Rate,3.3,3.3,percent
Jun 2024,Mauritius,CPI Housing Utilities,99.3,100.8,points
Jun 2024,Mauritius,CPI Transportation,98.7,98.6,points
Mar 2024,Mauritius,Export Prices,159.6,154.6,points
Apr 2024,Mauritius,Food Inflation,6.8,11.2,percent
Jun 2024,Mauritius,Inflation Rate YoY,2.2,2.9,percent
Jun 2024,Mauritius,Inflation Rate MoM,-0.3,-0.3,percent
May 2024,Mauritius,Producer Prices,154.6,153.9,points
May 2024,Mauritius,Producer Prices Change,2.9,2.5,percent
May 2024,Malta,Retail Price Index,119.12,118.53,points
Jun 2024,Malta,CPI Housing Utilities,128.53,128.35,points
Jun 2024,Malta,CPI Transportation,113.77,112.89,points
Dec 2023,Malta,GDP Deflator,79.36,79.1,points
Jun 2024,Malta,Harmonised Consumer Prices,126.23,124.53,points
Jun 2024,Malta,Harmonised Inflation Rate MoM,1.4,1.6,percent
Jun 2024,Malta,Harmonised Inflation Rate YoY,2.2,2.3,percent
Jun 2024,Malta,Inflation Rate YoY,2.2,2.3,percent
Jun 2024,Malta,Inflation Rate MoM,1.4,1.6,percent
Apr 2024,Malta,Producer Prices,108.9,108.3,points
May 2024,Malta,PPI YoY,0.3,0.6,percent
Jun 2024,Mauritania,Consumer Price Index CPI,124.8,124.3,points
Jun 2024,Mauritania,CPI Housing Utilities,119.8,119.8,points
Jun 2024,Mauritania,CPI Transportation,126.2,126.1,points
Jun 2024,Mauritania,Food Inflation,1.3,1.5,percent
Jun 2024,Mauritania,Inflation Rate,3.1,2.7,percent
Jun 2024,Mauritania,Inflation Rate MoM,0.4,0.1,percent
May 2024,Maldives,Consumer Price Index CPI,102.66,101.13,points
May 2024,Maldives,CPI Housing Utilities,101.7,95.6,points
May 2024,Maldives,CPI Transportation,98.77,100.86,points
May 2024,Maldives,Food Inflation,6.3,6.7,percent
May 2024,Maldives,Inflation Rate,0.8,-1.1,percent
May 2024,Maldives,Inflation Rate MoM,1.9,-0.75,percent
May 2024,Nepal,Consumer Price Index CPI,167.58,166.09,points
May 2024,Nepal,Export Prices,104.8,105.6,points
May 2024,Nepal,Food Inflation,6.27,5.21,percent
May 2024,Nepal,Import Prices,97.9,96.4,points
May 2024,Nepal,Inflation Rate,4.4,4.61,percent
Jun 2024,Mali,Consumer Price Index CPI,122.5,119.2,points
Jun 2024,Mali,Core Consumer Prices,117.0,115.7,points
Jun 2024,Mali,Core Inflation Rate,3.7,2.1,percent
Jun 2024,Mali,CPI Housing Utilities,118.2,111.7,points
Jun 2024,Mali,CPI Transportation,112.2,110.0,points
Jun 2024,Mali,Food Inflation,5.7,1.3,percent
Jun 2024,Mali,Inflation Rate,4.2,1.2,percent
Jun 2024,Mali,Inflation Rate MoM,2.8,1.1,percent
Jun 2024,Mozambique,Consumer Price Index CPI,102.73,102.95,points
Jun 2024,Mozambique,CPI Housing Utilities,101.73,101.7,points
Jun 2024,Mozambique,CPI Transportation,101.0,100.96,points
Jun 2024,Mozambique,Food Inflation,5.15,4.91,percent
Jun 2024,Mozambique,Inflation Rate YoY,3.04,3.07,percent
Jun 2024,Mozambique,Inflation Rate MoM,-0.21,-0.38,percent
Mar 2023,Mozambique,Producer Prices,141.1,139.2,points
Jun 2024,Macedonia,Food Inflation,2.1,3.8,percent
Jun 2024,Macedonia,Consumer Price Index CPI,152.87,153.29,points
Jun 2024,Macedonia,Core Consumer Prices,151.05,150.71,points
Jun 2024,Macedonia,Core Inflation Rate,4.6,5.13,percent
Dec 2023,Macedonia,GDP Deflator,103.6,107.7,percent
Jun 2024,Macedonia,Inflation Rate YoY,3.2,4.5,percent
Jun 2024,Macedonia,Inflation Rate MoM,-0.3,0.9,percent
Jun 2024,Luxembourg,Food Inflation,1.75,2.31,percent
May 2024,Luxembourg,Consumer Price Index CPI,123.18,122.87,points
Jun 2024,Luxembourg,Core Consumer Prices,121.84,121.8,points
Jun 2024,Luxembourg,Core Inflation Rate,2.29,2.53,percent
May 2024,Luxembourg,CPI Housing Utilities,121.46,122.01,points
May 2024,Luxembourg,CPI Transportation,120.99,121.3,points
May 2024,Macedonia,Producer Prices,115.7,114.9,points
May 2024,Macedonia,PPI YoY,0.2,-1.0,percent
Dec 2023,Luxembourg,GDP Deflator,128.82,122.99,points
Jun 2024,Luxembourg,Harmonised Consumer Prices,125.19,125.2,points
Jun 2024,Luxembourg,Inflation Rate YoY,2.21,2.59,percent
Jun 2024,Luxembourg,Inflation Rate MoM,-0.1,0.3,percent
May 2024,Luxembourg,Producer Prices,145.18,144.41,points
May 2024,Luxembourg,PPI YoY,1.1,0.0,percent
May 2024,Macau,Consumer Price Index CPI,105.38,105.39,points
May 2024,Macau,CPI Housing Utilities,100.28,100.17,points
May 2024,Macau,CPI Transportation,103.96,104.82,points
Mar 2024,Macau,Export Prices,131.1,152.3,points
May 2024,Macau,Food Inflation,1.2,1.34,percent
Mar 2024,Macau,GDP Deflator,106.8,108.9,points
Mar 2024,Macau,Import Prices,182.7,202.3,points
May 2024,Macau,Inflation Rate YoY,0.77,0.92,percent
May 2024,Macau,Inflation Rate MoM,-0.02,-0.02,percent
May 2024,Madagascar,Consumer Price Index CPI,174.6,173.9,points
May 2024,Madagascar,CPI Housing Utilities,162.3,161.4,points
May 2024,Madagascar,CPI Transportation,164.2,163.9,points
May 2024,Madagascar,Food Inflation,6.3,6.3,percent
May 2024,Madagascar,Inflation Rate,7.4,7.3,percent
May 2024,Madagascar,Inflation Rate MoM,0.4,0.5,percent
Jun 2024,Malaysia,Consumer Price Index CPI,133.0,132.8,points
Jun 2024,Malaysia,Core Inflation Rate,1.9,1.9,percent
Jun 2024,Malaysia,CPI Housing Utilities,129.3,129.3,points
Jun 2024,Malaysia,CPI Transportation,121.9,121.3,points
May 2024,Malaysia,Export Prices,150.3,149.2,points
Jun 2024,Malaysia,Food Inflation,2.0,1.8,percent
Dec 2023,Malaysia,GDP Deflator,114.0,115.0,points
May 2024,Malaysia,Import Prices,130.9,130.9,points
Jun 2024,Malaysia,Inflation Rate YoY,2.0,2.0,percent
Jun 2024,Malaysia,Inflation Rate MoM,0.2,0.3,percent
May 2024,Malaysia,Producer Prices,120.1,121.2,points
May 2024,Malaysia,PPI YoY,1.4,1.9,percent
Jun 2024,Lithuania,CPI,153.51,153.38,points
Jun 2024,Lithuania,CPI Housing Utilities,156.98,156.06,points
Jun 2024,Lithuania,CPI Transportation,141.28,141.76,points
Dec 2023,Lithuania,Export Prices,95.7,93.3,points
Jun 2024,Lithuania,Food Inflation,-0.9,-1.1,percent
Dec 2023,Lithuania,GDP Deflator,154.41,151.81,points
Jun 2024,Lithuania,Harmonised Consumer Prices,151.18,151.11,points
Dec 2023,Lithuania,Import Prices,90.5,83.9,points
Jun 2024,Lithuania,Inflation Rate YoY,0.7,0.5,percent
May 2024,Malawi,Consumer Price Index CPI,181.1,177.93,points
Apr 2024,Malawi,CPI Housing Utilities,163.11,161.96,points
Apr 2024,Malawi,CPI Transportation,168.21,167.98,points
May 2024,Malawi,Food Inflation,40.7,39.9,percent
Jun 2024,Malawi,Inflation Rate YoY,33.3,32.7,percent
Jun 2024,Lithuania,Inflation Rate MoM,0.1,0.3,percent
Jun 2024,Lithuania,Producer Prices,120.2,119.9,points
Jun 2024,Lithuania,PPI YoY,0.3,0.1,percent
Jun 2024,Liechtenstein,Inflation Rate,1.3,1.4,percent
Apr 2024,Liberia,CPI Housing Utilities,291.69,291.13,points
Apr 2024,Liberia,CPI Transportation,1327.43,1316.64,points
Apr 2024,Liberia,Food Inflation,25.76,25.51,percent
Apr 2024,Liberia,Inflation Rate,9.72,9.45,percent
Apr 2024,Liberia,Inflation Rate MoM,-0.14,-0.11,percent
Jun 2024,Lebanon,Consumer Price Index CPI,6450.23,6432.52,points
Jun 2024,Lebanon,CPI Housing Utilities,1403.87,1376.19,points
Jun 2024,Lebanon,CPI Transportation,11341.86,11135.43,points
Jun 2024,Lebanon,Food Inflation,29.6,31.7,percent
Jun 2024,Lebanon,Inflation Rate YoY,41.8,51.6,percent
Jun 2024,Lebanon,Inflation Rate MoM,0.28,0.02,percent
Jun 2024,Laos,Consumer Price Index CPI,234.5,229.3,points
Apr 2024,Laos,Food Inflation,22.0,23.61,percent
Jun 2024,Laos,Inflation Rate,26.15,25.77,percent
Jun 2024,Laos,Inflation Rate MoM,2.29,3.12,percent
May 2024,Lesotho,Consumer Price Index CPI,112.66,112.34,points
May 2024,Lesotho,CPI Housing Utilities,109.14,109.18,points
May 2024,Lesotho,CPI Transportation,110.15,110.11,points
May 2024,Lesotho,Food Inflation,8.2,10.4,percent
May 2024,Lesotho,Inflation Rate,6.3,7.1,percent
May 2024,Lesotho,Inflation Rate MoM,0.3,0.6,percent
Mar 2024,Libya,Consumer Price Index CPI,298.6,297.9,points
Apr 2024,Libya,CPI Housing Utilities,195.0,194.6,points
Apr 2024,Libya,CPI Transportation,216.9,216.1,points
Mar 2024,Libya,Food Inflation,2.16,2.44,percent
Mar 2024,Libya,Inflation Rate,1.4,1.6,percent
Mar 2024,Libya,Inflation Rate MoM,0.2,0.2,percent
Jun 2024,Kuwait,Consumer Price Index CPI,130.1,133.5,points
Jun 2024,Kuwait,CPI Transportation,142.4,142.7,points
Jun 2024,Kuwait,Food Inflation,5.6,6.06,percent
Jun 2024,Kuwait,Inflation Rate YoY,2.84,3.17,percent
Jun 2024,Kuwait,Inflation Rate MoM,0.22,0.15,percent
May 2024,Kyrgyzstan,Consumer Price Index CPI,406.1,405.2,points
May 2024,Kyrgyzstan,Core Inflation Rate,5.4,5.7,percent
May 2024,Kyrgyzstan,CPI Housing Utilities,413.7,399.4,points
May 2024,Kyrgyzstan,CPI Transportation,336.4,336.2,points
May 2024,Kyrgyzstan,Food Inflation,0.6,1.0,percent
Jun 2024,Kyrgyzstan,Inflation Rate YoY,4.5,4.6,percent
May 2024,Kyrgyzstan,Inflation Rate MoM,0.2,0.2,percent
Jun 2024,Kyrgyzstan,Producer Prices,283.8,276.5,points
Jun 2024,Kyrgyzstan,PPI YoY,12.52,7.15,percent
Jun 2024,Latvia,Food Inflation,1.5,0.8,percent
Jun 2024,Latvia,CPI,146.1,146.2,points
Jun 2024,Latvia,CPI Housing Utilities,153.3,154.1,points
Jun 2024,Latvia,CPI Transportation,133.4,134.9,points
May 2024,Latvia,Export Prices,113.0,112.6,points
Mar 2024,Latvia,GDP Deflator,1.45,1.39,percent
May 2024,Latvia,Import Prices,108.4,107.9,points
Jun 2024,Latvia,Inflation Rate YoY,1.4,0.1,percent
Jun 2024,Latvia,Inflation Rate MoM,-0.1,0.3,percent
Jun 2024,Kosovo,Consumer Price Index CPI,129.6,129.6,points
Jun 2024,Kosovo,CPI Housing Utilities,121.7,122.4,points
Jun 2024,Kosovo,CPI Transportation,121.0,121.1,points
Jun 2024,Kosovo,Food Inflation,1.8,1.5,percent
Mar 2024,Kosovo,Import Prices,166.0,161.8,points
Jun 2024,Latvia,Producer Prices,127.5,127.3,points
Jun 2024,Latvia,PPI YoY,-1.9,-3.3,percent
Jun 2024,Kosovo,Inflation Rate YoY,2.4,2.4,percent
May 2024,Kosovo,Inflation Rate MoM,-0.4,0.1,percent
Mar 2024,Kosovo,Producer Prices,129.1,129.6,points
Mar 2024,Kosovo,PPI YoY,-0.9,2.7,percent
May 2024,Kazakhstan,CPI Transportation,117.3,116.9,points
Apr 2024,Kazakhstan,Export Prices,100.2,100.9,points
Jun 2024,Kazakhstan,Food Inflation,5.4,5.5,percent
Apr 2024,Kazakhstan,Import Prices,100.0,100.4,points
Jun 2024,Kazakhstan,Inflation Rate YoY,8.4,8.5,percent
Jun 2024,Kazakhstan,Inflation Rate MoM,0.4,0.4,percent
Apr 2024,Jordan,Rent Inflation,4.1,4.1,percent
May 2024,Jordan,Consumer Price Index CPI,110.58,110.5,points
Apr 2024,Jordan,CPI Housing Utilities,114.9,115.0,points
Apr 2024,Jordan,CPI Transportation,112.0,111.7,points
Nov 2023,Jordan,Export Prices,227.0,222.1,points
Apr 2024,Jordan,Food Inflation,0.0,1.5,percent
Nov 2023,Jordan,Import Prices,298.8,323.1,points
Jun 2024,Jordan,Inflation Rate YoY,1.8,1.8,percent
Jun 2024,Jordan,Inflation Rate MoM,0.2,0.1,percent
May 2024,Jordan,Producer Prices,107.92,107.42,points
Jun 2024,Kenya,Consumer Price Index CPI,140.23,139.64,points
Jun 2024,Kenya,Food Inflation,5.6,6.2,percent
Jun 2024,Kenya,Inflation Rate YoY,4.6,5.1,percent
Jun 2024,Kenya,Inflation Rate MoM,0.4,1.0,percent
May 2024,Jordan,PPI YoY,0.14,-0.66,percent
Jun 2024,Kenya,Producer Prices,137.88,144.73,points
Jun 2024,Kenya,PPI YoY,-1.79,7.4,percent
Jun 2024,Jamaica,Consumer Price Index CPI,136.4,134.9,points
Jun 2024,Jamaica,CPI Housing Utilities,123.6,122.6,points
Jun 2024,Jamaica,CPI Transportation,130.7,129.0,points
Jun 2024,Jamaica,Food Inflation,4.02,3.85,percent
Jun 2024,Jamaica,Inflation Rate YoY,5.4,5.2,percent
Jun 2024,Jamaica,Inflation Rate MoM,1.1,0.5,percent
Apr 2024,Iraq,Core Consumer Prices,126.8,126.4,points
Apr 2024,Iraq,Core Inflation Rate,4.2,2.7,percent
Mar 2024,Iraq,CPI Housing Utilities,101.4,101.3,points
Mar 2024,Iraq,CPI Transportation,105.6,106.0,points
Mar 2024,Iraq,Food Inflation,-0.1,0.7,percent
Apr 2024,Iraq,Inflation Rate,3.0,1.6,percent
Jun 2024,Indonesia,Consumer Price Index CPI,106.28,106.37,points
Jun 2024,Indonesia,Core Consumer Prices,104.19,104.09,points
Jun 2024,Indonesia,Core Inflation Rate YoY,1.9,1.93,percent
Jun 2024,Indonesia,CPI Housing Utilities,102.35,102.31,points
Jun 2024,Indonesia,CPI Transportation,109.81,109.69,points
May 2024,Indonesia,Export Prices,197.05,202.1,points
May 2024,Ivory Coast,Consumer Price Index CPI,126.3,125.1,points
May 2024,Ivory Coast,CPI Housing Utilities,131.3,131.3,points
May 2024,Ivory Coast,CPI Transportation,122.7,122.9,points
May 2024,Ivory Coast,Food Inflation,8.6,5.1,percent
May 2024,Ivory Coast,Inflation Rate YoY,4.9,3.6,percent
May 2024,Ivory Coast,Inflation Rate MoM,1.0,0.3,percent
Jun 2024,Indonesia,Food Inflation,4.95,6.18,percent
Dec 2023,Indonesia,GDP Deflator,168.92,169.44,points
May 2024,Indonesia,Import Prices,179.08,183.46,points
Jun 2024,Indonesia,Inflation Rate YoY,2.51,2.84,percent
Jun 2024,Indonesia,Inflation Rate MoM,-0.08,-0.03,percent
Jun 2024,Indonesia,Producer Prices,119.63,119.6,points
Jun 2024,Indonesia,Producer Prices Change,3.36,3.47,percent
Jun 2024,Ireland,CPI,101.3,100.9,points
Jun 2024,Ireland,Core Consumer Prices,101.9,101.4,points
Jun 2024,Ireland,Core Inflation Rate,3.14,3.47,percent
Jun 2024,Ireland,CPI Housing Utilities,99.0,98.6,points
Jun 2024,Ireland,CPI Transportation,103.4,102.6,points
Apr 2024,Ireland,Export Prices,98.1,96.8,points
Jun 2024,Ireland,Food Inflation,2.3,2.6,percent
Jun 2024,Ireland,Harmonised Consumer Prices,120.2,119.8,points
Apr 2024,Ireland,Import Prices,104.3,104.0,points
Jun 2024,Ireland,Inflation Rate YoY,2.2,2.6,percent
Jun 2024,Ireland,Inflation Rate MoM,0.4,0.5,percent
Jun 2024,Ireland,Producer Prices,89.0,87.0,points
Jun 2024,Ireland,Wholesale Prices YoY,2.8,0.9,percent
Jun 2024,Japan,Food Inflation,3.6,4.1,percent
Jun 2024,Japan,Goods Inflation,3.8,3.9,percent
Jun 2024,Japan,Rent Inflation,0.3,0.2,percent
Jun 2024,Japan,Services Inflation,1.7,1.6,percent
Jun 2024,Japan,Core Inflation Rate YoY,2.6,2.5,percent
Jun 2024,Japan,Inflation Rate Ex-Food and Energy YoY,2.2,2.1,percent
Jun 2024,Japan,CPI Transportation,97.3,97.1,points
Jun 2024,Japan,Inflation Rate YoY,2.8,2.8,percent
Jun 2024,Japan,Inflation Rate MoM,0.3,0.5,percent
Jun 2024,Japan,Tokyo CPI YoY,2.3,2.2,percent
Jun 2024,Israel,Consumer Price Index CPI,107.2,107.1,points
Mar 2024,Israel,Core Consumer Prices,105.8,105.2,points
Mar 2024,Israel,Core Inflation Rate,2.62,2.53,percent
Jun 2024,Israel,CPI Housing Utilities,109.0,108.5,points
Jun 2024,Israel,CPI Transportation,107.9,108.3,points
Dec 2023,Israel,Export Prices,107.5,107.0,points
Jun 2024,Israel,Food Inflation,4.6,4.5,percent
Dec 2023,Israel,GDP Deflator,117.25,116.38,points
Dec 2023,Israel,Import Prices,117.2,117.9,points
Jun 2024,Israel,Inflation Rate YoY,2.9,2.8,percent
Jun 2024,Israel,Inflation Rate MoM,0.1,0.2,percent
Mar 2024,Israel,Producer Prices,122.2,122.3,points
Jun 2024,Italy,Energy Inflation,-8.6,-11.6,percent
Jun 2024,Italy,Food Inflation,1.4,2.0,percent
Jun 2024,Italy,Services Inflation,2.8,2.9,percent
Jun 2024,Italy,CPI Prel,120.7,120.6,points
May 2024,Italy,Core Consumer Prices,155.5,115.1,points
Jun 2024,Italy,Core Inflation Rate,1.9,2.0,percent
Jun 2024,Italy,CPI Housing Utilities,138.4,137.8,points
Jun 2024,Italy,CPI Transportation,124.4,124.7,points
Apr 2024,Italy,Export Prices,127.4,127.7,points
Dec 2023,Italy,GDP Deflator,117.6,116.97,points
Jun 2024,Italy,Harmonised Consumer Prices,122.9,122.7,points
Apr 2024,Italy,Import Prices,121.8,120.5,points
Jun 2024,Italy,Inflation Rate YoY,0.8,0.8,percent
Jun 2024,Italy,Inflation Rate MoM,0.1,0.2,percent
May 2024,Italy,Producer Prices,119.2,118.9,points
May 2024,Italy,PPI YoY,-3.5,-5.9,percent
Jun 2024,Iran,Consumer Price Index CPI,249.7,243.0,points
Jun 2024,Iran,CPI Housing Utilities,230.9,225.9,points
Jun 2024,Iran,CPI Transportation,233.6,230.1,points
Mar 2024,Iran,Export Prices,185.2,185.3,points
Jun 2024,Iran,Food Inflation,25.8,22.7,percent
Mar 2024,Iran,Import Prices,487.7,501.8,points
Jun 2024,Iran,Inflation Rate YoY,31.9,31.0,percent
Jun 2024,Iran,Inflation Rate MoM,2.8,2.8,percent
Apr 2024,Iran,Producer Prices,1065.7,1051.8,points
May 2024,Haiti,Consumer Price Index CPI,404.9,398.2,points
May 2024,Haiti,Food Inflation,40.5,38.5,percent
May 2024,Haiti,Inflation Rate,28.3,27.3,percent
May 2024,Haiti,Inflation Rate MoM,1.7,1.8,percent
Jun 2024,Hong Kong,Consumer Price Index CPI,106.7,106.2,points
Jun 2024,Hong Kong,CPI Transportation,108.3,108.2,points
May 2024,Hong Kong,Export Prices,108.1,107.3,points
Jun 2024,Hong Kong,Food Inflation,1.9,1.9,percent
Mar 2024,Hong Kong,GDP Deflator,105.6,103.9,points
May 2024,Hong Kong,Import Prices,106.5,106.2,points
Jun 2024,Hong Kong,Inflation Rate YoY,1.5,1.2,percent
Jun 2024,Hong Kong,Inflation Rate MoM,0.5,-0.2,percent
Mar 2024,Hong Kong,Producer Prices,116.6,113.8,points
Mar 2024,Hong Kong,Producer Prices Change,1.2,2.7,percent
Jun 2024,Iceland,CPI,630.3,627.3,points
Jun 2024,Iceland,Core Consumer Prices,352.2,350.2,points
Jun 2024,Iceland,Core Inflation Rate,6.02,6.38,percent
Jun 2024,Iceland,CPI Housing Utilities,276.0,274.2,points
Jun 2024,Iceland,CPI Transportation,205.4,203.8,points
Jun 2024,Iceland,Food Inflation,5.1,5.2,percent
Dec 2023,Iceland,GDP Deflator,141.13,133.27,points
Jul 2024,Iceland,Inflation Rate YoY,6.3,5.8,percent
Jul 2024,Iceland,Inflation Rate MoM,0.5,0.5,percent
Jun 2024,Iceland,Producer Prices,294.5,291.0,points
Jun 2024,Iceland,PPI YoY,4.7,2.3,percent
May 2024,Guyana,Consumer Price Index CPI,140.38,139.39,points
May 2024,Guyana,Food Inflation,7.4,5.9,percent
May 2024,Guyana,Inflation Rate,3.6,2.9,percent
May 2024,Guyana,Inflation Rate MoM,0.7,0.2,percent
May 2024,Guinea,Consumer Price Index CPI,151.3,150.9,points
May 2024,Guinea,Core Consumer Prices,139.9,139.9,points
May 2024,Guinea,Core Inflation Rate,3.2,3.1,percent
May 2024,Guinea,CPI Housing Utilities,176.1,176.0,points
May 2024,Guinea,CPI Transportation,146.1,146.1,points
May 2024,Guinea,Food Inflation,8.6,8.2,percent
May 2024,Guinea,Inflation Rate,5.4,5.3,percent
May 2024,Guinea,Inflation Rate MoM,0.3,0.5,percent
Jun 2024,Honduras,Consumer Price Index CPI,434.9,433.5,points
Jun 2024,Honduras,CPI Housing Utilities,453.5,450.4,points
Jun 2024,Honduras,CPI Transportation,459.8,462.7,points
Jun 2024,Honduras,Food Inflation,4.32,4.51,percent
Jun 2024,Honduras,Inflation Rate,4.87,4.94,percent
Jun 2024,Honduras,Inflation Rate MoM,0.32,0.16,percent
Jun 2024,India,Consumer Price Index CPI,190.2,187.7,points
Jun 2024,India,CPI Housing Utilities,179.1,180.1,points
Jun 2024,India,CPI Transportation,166.7,166.4,points
Jun 2024,India,Food Inflation,9.36,8.7,percent
Dec 2024,India,GDP Deflator,172.6,170.2,points
Jun 2024,India,Inflation Rate YoY,5.08,4.75,percent
Jun 2024,India,Inflation Rate MoM,1.33,0.48,percent
Jun 2024,Ghana,Consumer Price Index CPI,226.4,220.0,points
Jun 2024,Ghana,CPI Housing Utilities,258.08,255.72,points
Jun 2024,Ghana,CPI Transportation,221.49,220.4,points
Jun 2024,Ghana,Inflation Rate YoY,22.8,23.1,percent
Jun 2024,Ghana,Inflation Rate MoM,2.9,3.2,percent
Jun 2024,Greece,Food Inflation,2.1,3.1,percent
Jun 2024,Greece,Consumer Price Index CPI,118.24,117.66,points
May 2024,Greece,Core Consumer Prices,111.73,111.67,points
May 2024,Greece,Core Inflation Rate,2.7,3.0,percent
Jun 2024,Greece,CPI Housing Utilities,118.15,117.98,points
Jun 2024,Greece,CPI Transportation,124.52,123.89,points
Dec 2023,Greece,GDP Deflator,113.27,108.37,points
Jun 2024,Greece,Harmonised Consumer Prices,120.11,118.86,points
Apr 2024,Greece,Import Prices,136.05,136.06,points
Jun 2024,Greece,Inflation Rate YoY,2.3,2.4,percent
Jun 2024,Greece,Inflation Rate MoM,0.5,-0.3,percent
May 2024,Greece,Producer Prices,129.5,133.4,points
May 2024,Greece,PPI YoY,-1.4,-1.0,percent
Jun 2024,Guatemala,Consumer Price Index CPI,100.96,100.8,points
Jun 2024,Guatemala,CPI Housing Utilities,99.81,99.73,points
Jun 2024,Guatemala,CPI Transportation,102.68,103.95,points
Jun 2024,Guatemala,Food Inflation,5.66,5.53,percent
Jun 2024,Guatemala,Inflation Rate,3.62,3.76,percent
Jun 2024,Guatemala,Inflation Rate MoM,0.16,0.03,percent
Jun 2024,Hungary,Food Inflation,-1.3,-1.5,percent
Jun 2024,Hungary,CPI,1982.6,1983.6,points
Jun 2024,Hungary,Core Consumer Prices,616.7,613.6,points
Jun 2024,Hungary,Core Inflation Rate YoY,4.1,4.0,percent
Jun 2024,Hungary,CPI Transportation,103.1,105.2,points
Apr 2024,Hungary,Export Prices,100.6,98.5,points
Dec 2023,Hungary,GDP Deflator,184.58,173.45,points
Apr 2024,Hungary,Import Prices,98.9,98.0,points
Jun 2024,Hungary,Inflation Rate YoY,3.7,4.0,percent
Jun 2024,Hungary,Inflation Rate MoM,0.0,-0.1,percent
May 2024,Hungary,Producer Prices,139.1,138.8,points
May 2024,Hungary,PPI YoY,-0.2,-2.0,percent
Jun 2024,Germany,Baden Wuerttemberg CPI YoY,1.9,2.1,percent
Jun 2024,Germany,Bavaria CPI MoM,2.7,2.7,percent
Jun 2024,Germany,Brandenburg CPI YoY,2.6,2.9,percent
Jun 2024,Germany,Energy Inflation,-2.1,-1.1,percent
Jun 2024,Germany,Food Inflation,1.46,1.23,percent
Jun 2024,Germany,Hesse CPI YoY,1.8,1.9,percent
Jun 2024,Germany,North Rhine Westphalia CPI YoY,2.2,2.5,percent
Jun 2024,Germany,Saxony CPI YoY,2.8,3.1,percent
Jun 2024,Germany,Services Inflation,3.9,3.9,percent
Jun 2024,Germany,CPI,119.4,119.3,points
Jun 2024,Germany,Core Consumer Prices,115.2,114.9,points
Jun 2024,Germany,Core Inflation Rate,2.9,3.0,percent
Jun 2024,Germany,CPI Housing Utilities,116.0,115.9,points
Jun 2024,Germany,CPI Transportation,124.9,125.7,points
May 2024,Germany,Export Prices,114.4,114.4,points
Jun 2024,Germany,Harmonised Consumer Prices,129.3,129.1,points
Jun 2024,Germany,Harmonised Inflation Rate MoM,0.2,0.2,percent
Jun 2024,Germany,Harmonised Inflation Rate YoY,2.5,2.8,percent
May 2024,Germany,Import Prices,112.7,112.7,points
Jun 2024,Germany,Inflation Rate YoY,2.2,2.4,percent
Jun 2024,Germany,Inflation Rate MoM,0.1,0.1,percent
Jun 2024,Germany,PPI MoM,0.2,0.0,percent
Jun 2024,Germany,Producer Prices,127.7,127.5,points
Jun 2024,Germany,PPI YoY,-1.6,-2.2,percent
Jun 2024,Germany,Wholesale Prices,116.7,117.0,points
May 2024,Gambia,Consumer Price Index CPI,158.6,157.16,points
May 2024,Gambia,CPI Housing Utilities,152.5,146.83,points
May 2024,Gambia,CPI Transportation,139.8,138.34,points
May 2024,Gambia,Food Inflation,14.68,15.26,percent
May 2024,Gambia,Inflation Rate,10.99,11.04,percent
May 2024,Gambia,Inflation Rate MoM,0.89,1.24,percent
Apr 2024,Guinea Bissau,Inflation Rate,2.9,2.3,percent
Jun 2024,France,Energy Inflation,4.8,5.7,percent
Jun 2024,France,Food Inflation,0.8,1.3,percent
Jun 2024,France,Services Inflation,2.8,2.8,percent
Jun 2024,France,Consumer Price Index CPI,120.2,120.11,points
Jun 2024,France,Core Consumer Prices,116.16,115.72,points
Jun 2024,France,Core Inflation Rate,1.8,1.7,percent
Jun 2024,France,CPI Housing Utilities,130.98,130.84,points
Jun 2024,France,CPI Transportation,127.14,126.95,points
Jun 2024,France,Harmonised Consumer Prices,123.78,123.6,points
Jun 2024,France,Inflation Rate YoY,2.2,2.3,percent
Jun 2024,France,Inflation Rate MoM,0.1,0.0,percent
May 2024,France,PPI MoM,-1.4,-3.6,percent
May 2024,France,Producer Prices,120.4,122.1,points
May 2024,France,PPI YoY,-6.7,-6.7,percent
Dec 2023,Gabon,Consumer Price Index CPI,112.5,112.3,points
Dec 2023,Gabon,CPI Transportation,112.4,112.1,points
Jan 2024,Gabon,Inflation Rate,3.4,2.25,percent
Jun 2024,Georgia,Consumer Price Index CPI,178.4,179.3,points
Jun 2024,Georgia,Core Inflation Rate,1.4,1.7,percent
Jun 2024,Georgia,CPI Housing Utilities,99.95,100.39,points
Jun 2024,Georgia,CPI Transportation,100.29,101.21,points
May 2024,Georgia,Export Prices,100.3,101.4,points
Jun 2024,Georgia,Food Inflation,1.9,0.7,percent
Dec 2023,Georgia,GDP Deflator,102.5,103.2,points
Jun 2024,Finland,CPI,122.23,122.25,points
Jun 2024,Finland,CPI Housing Utilities,131.91,131.73,points
Jun 2024,Finland,CPI Transportation,117.84,117.5,points
Jun 2024,Finland,Export Prices,116.2,116.4,points
Jun 2024,Finland,Food Inflation,-0.36,-0.58,percent
Dec 2023,Finland,GDP Deflator,120.25,121.15,points
Jun 2024,Finland,Harmonised Consumer Prices,119.6,119.7,points
Jun 2024,Finland,Import Prices,116.3,116.1,points
Jun 2024,Finland,Inflation Rate YoY,1.3,1.5,percent
Jun 2024,Finland,Inflation Rate MoM,0.0,-0.1,percent
Jun 2024,Georgia,Harmonised Inflation Rate MoM,-0.3,0.4,percent
Jun 2024,Georgia,Harmonised Inflation Rate YoY,3.1,2.4,percent
May 2024,Georgia,Import Prices,102.5,100.0,points
Jun 2024,Georgia,Inflation Rate YoY,2.2,2.0,percent
Jun 2024,Georgia,Inflation Rate MoM,-0.5,0.4,percent
Jun 2024,Georgia,Producer Prices,237.8,232.8,points
Jun 2024,Georgia,PPI YoY,9.3,6.7,percent
Jun 2024,Finland,Producer Prices,117.2,117.5,points
Jun 2024,Finland,PPI YoY,-0.3,-0.4,percent
May 2024,Finland,Wholesale Prices,2954.0,2966.0,points
Jun 2024,Faroe Islands,Consumer Price Index CPI,143.7,143.0,points
Jun 2024,Faroe Islands,Food Inflation,3.2,4.0,percent
Jun 2024,Faroe Islands,Inflation Rate YoY,3.0,2.6,percent
Jun 2024,Faroe Islands,Inflation Rate MoM,0.5,0.5,percent
Jun 2024,European Union,Consumer Price Index CPI,130.57,130.33,points
Jun 2024,European Union,Core Consumer Prices,123.58,123.18,points
Jun 2024,European Union,Core Inflation Rate,3.1,3.2,percent
Jun 2024,European Union,CPI Housing Utilities,136.18,135.8,points
Jun 2024,European Union,CPI Transportation,128.93,129.49,points
Jun 2024,European Union,Food Inflation,1.5,1.6,percent
Mar 2024,European Union,GDP Deflator,125.48,124.6,points
Jun 2024,European Union,Inflation Rate,2.6,2.7,percent
Jun 2024,European Union,Inflation Rate MoM,0.2,0.2,percent
May 2024,European Union,Producer Prices,124.6,125.0,points
May 2024,European Union,Producer Prices Change,-4.0,-5.4,percent
Jun 2024,Ethiopia,Food Inflation,22.7,25.5,percent
Jun 2024,Ethiopia,Inflation Rate YoY,19.9,23.3,percent
Jun 2024,Ethiopia,Inflation Rate MoM,0.9,0.5,percent
Dec 2023,Equatorial Guinea,Inflation Rate,2.5,5.0,percent
Jun 2024,Euro Area,Energy Inflation,0.2,0.3,percent
Jun 2024,Euro Area,Services Inflation,4.1,4.1,percent
Jun 2024,Euro Area,CPI,126.58,126.31,points
Jun 2024,Euro Area,Core Consumer Prices,119.89,119.47,points
Jun 2024,Euro Area,Core Inflation Rate YoY,2.9,2.9,percent
Jun 2024,Euro Area,CPI Housing Utilities,131.34,130.98,points
Jun 2024,Euro Area,CPI Transportation,127.63,128.1,points
Dec 2023,Eritrea,Inflation Rate,6.4,7.5,percent
Jun 2024,Euro Area,Energy Prices,147.5,148.64,points
Jun 2024,Euro Area,Food Inflation,1.8,2.0,percent
Mar 2024,Euro Area,GDP Deflator,124.32,123.61,points
May 2024,Euro Area,Import Prices,113.3,113.2,points
May 2024,Euro Area,Consumer Inflation Expectations,2.8,2.9,percent
Jun 2024,Euro Area,Inflation Rate YoY,2.5,2.6,percent
Jun 2024,Euro Area,Inflation Rate MoM,0.2,0.2,percent
May 2024,Euro Area,Producer Prices,123.0,123.3,points
May 2024,Euro Area,PPI YoY,-4.2,-5.7,percent
Jun 2024,Estonia,Food Inflation,0.9,2.2,percent
Jun 2024,Estonia,CPI,300.97,299.88,points
Jun 2024,Estonia,CPI Housing Utilities,607.15,599.09,points
Jun 2024,Estonia,CPI Transportation,248.54,249.31,points
May 2024,Estonia,Export Prices,444.74,437.59,points
Dec 2023,Estonia,GDP Deflator,154.83,150.88,points
May 2024,Estonia,Import Prices,194.14,190.85,points
Jun 2024,Estonia,Inflation Rate YoY,2.5,2.9,percent
Jun 2024,Estonia,Inflation Rate MoM,0.4,0.1,percent
Jun 2024,Estonia,Producer Prices,157.71,156.6,points
Jun 2024,Estonia,PPI YoY,-0.5,-1.6,percent
Jun 2024,Egypt,Consumer Price Index CPI,221.2,217.8,points
May 2024,Egypt,Core Consumer Prices,218.2,220.0,points
Jun 2024,Egypt,Core Inflation Rate YoY,26.6,27.1,percent
Jun 2024,Egypt,CPI Housing Utilities,138.8,138.25,points
Jun 2024,Egypt,CPI Transportation,192.94,192.38,points
Jun 2024,Egypt,Food Inflation,31.9,31.0,percent
Jun 2024,Egypt,Inflation Rate YoY,27.5,28.1,percent
Jun 2024,Egypt,Inflation Rate MoM,1.6,-0.7,percent
Jun 2024,El Salvador,Core Consumer Prices,117.8,117.6,points
Jun 2024,El Salvador,Core Inflation Rate,0.77,0.68,percent
Jun 2024,El Salvador,CPI Housing Utilities,145.4,144.9,points
Jun 2024,El Salvador,CPI Transportation,116.08,117.76,points
Jun 2024,El Salvador,Food Inflation,3.63,2.71,percent
Jun 2024,El Salvador,Inflation Rate YoY,1.48,1.42,percent
Jun 2024,El Salvador,Inflation Rate MoM,0.29,0.2,percent
Jun 2024,Fiji,Consumer Price Index CPI,127.0,126.0,points
Jun 2024,Fiji,CPI Housing Utilities,102.3,102.6,points
Jun 2024,Fiji,CPI Transportation,123.9,123.6,points
Jun 2024,Fiji,Food Inflation,10.1,7.7,percent
Jun 2024,Fiji,Inflation Rate YoY,6.7,5.8,percent
Jun 2024,Fiji,Inflation Rate MoM,0.8,-0.6,percent
Mar 2024,Fiji,Producer Prices,121.8,121.3,points
Mar 2024,Fiji,Producer Prices Change,4.7,3.9,percent
Jun 2024,East Timor,Consumer Price Index CPI,125.0,125.1,points
Jun 2024,East Timor,CPI Housing Utilities,101.9,101.9,points
Jun 2024,East Timor,CPI Transportation,109.7,110.8,points
Jun 2024,East Timor,Food Inflation,5.8,7.1,percent
Jun 2024,East Timor,Inflation Rate YoY,2.8,3.5,percent
Jun 2024,East Timor,Inflation Rate MoM,-0.1,0.4,percent
Jun 2024,Ecuador,Consumer Price Index CPI,112.49,113.58,points
Jun 2024,Ecuador,CPI Housing Utilities,109.78,120.56,points
Jun 2024,Ecuador,CPI Transportation,121.87,121.74,points
May 2024,Ecuador,Food Inflation,4.81,5.85,percent
Jun 2024,Ecuador,Inflation Rate YoY,1.18,2.53,percent
Jun 2024,Ecuador,Inflation Rate MoM,-0.95,-0.12,percent
Jun 2024,Ecuador,Producer Prices,115.62,115.72,points
Jun 2024,Ecuador,Producer Prices Change,4.56,3.98,percent
Jun 2024,Czech Republic,CPI,151.0,151.4,points
Jun 2024,Czech Republic,CPI Housing Utilities,168.1,167.9,points
Jun 2024,Czech Republic,CPI Transportation,136.0,137.7,points
May 2024,Czech Republic,Export Prices,118.9,120.5,points
Jun 2024,Czech Republic,Food Inflation,-4.2,-3.7,percent
Dec 2023,Czech Republic,GDP Deflator,141.1,139.5,points
Jun 2024,Czech Republic,Harmonised Consumer Prices,151.6,152.0,points
May 2024,Czech Republic,Import Prices,112.3,113.9,points
Jun 2024,Czech Republic,Inflation Rate YoY,2.0,2.6,percent
Jun 2024,Czech Republic,Inflation Rate MoM,-0.3,0.0,percent
Jun 2024,Czech Republic,Producer Prices,144.6,145.0,points
Jun 2024,Czech Republic,PPI YoY,1.0,1.0,percent
Jun 2024,Denmark,Food Inflation,0.6,0.7,percent
May 2024,Denmark,Rent Inflation,2.0,2.0,percent
May 2024,Denmark,Services Inflation,3.2,2.9,percent
Jun 2024,Denmark,CPI,118.5,118.5,points
Jun 2024,Denmark,Core Consumer Prices,117.2,117.2,points
Jun 2024,Denmark,Core Inflation Rate,1.3,1.6,percent
Jun 2024,Denmark,CPI Transportation,119.6,119.8,points
May 2024,Denmark,Export Prices,123.9,130.6,points
Dec 2023,Denmark,GDP Deflator,118.82,119.22,points
Jun 2024,Denmark,Harmonised Consumer Prices,118.8,118.7,points
May 2024,Denmark,Import Prices,119.5,119.6,points
Jun 2024,Denmark,Inflation Rate YoY,1.8,2.2,percent
Jun 2024,Denmark,Inflation Rate MoM,0.0,0.0,percent
Jun 2024,Denmark,Producer Prices,147.8,147.0,points
May 2024,Denmark,Producer Prices Change,0.6,0.8,percent
Jun 2024,Dominican Republic,Consumer Price Index CPI,127.91,127.3,points
Jun 2024,Dominican Republic,Core Consumer Prices,124.7,124.27,points
Jun 2024,Dominican Republic,Core Inflation Rate,3.98,3.99,percent
Jun 2024,Dominican Republic,CPI Housing Utilities,122.07,121.91,points
Jun 2024,Dominican Republic,CPI Transportation,134.35,133.53,points
Jun 2024,Dominican Republic,Food Inflation,4.2,4.14,percent
Dec 2023,Dominican Republic,GDP Deflator,238.4,230.3,points
Jun 2024,Dominican Republic,Inflation Rate YoY,3.46,3.2,percent
Jun 2024,Dominican Republic,Inflation Rate MoM,0.48,-0.04,percent
Jun 2024,Croatia,PPI YoY,-3.5,-3.3,percent
Jun 2024,Croatia,CPI,129.2,129.1,points
Jun 2024,Cyprus,Consumer Price Index CPI,117.72,117.84,points
Jun 2024,Cyprus,CPI Housing Utilities,145.89,145.13,points
Jun 2024,Cyprus,CPI Transportation,117.88,119.92,points
Jun 2024,Cyprus,Food Inflation,2.9,1.5,percent
Jun 2024,Croatia,Core Consumer Prices,131.1,130.8,points
Jun 2024,Croatia,Core Inflation Rate,2.9,3.6,percent
Jun 2024,Croatia,CPI Housing Utilities,117.8,117.6,points
Jun 2024,Croatia,CPI Transportation,123.4,124.9,points
Jun 2024,Croatia,Food Inflation,1.8,2.8,percent
Jun 2024,Croatia,Harmonised Consumer Prices,132.34,131.31,points
Jun 2024,Croatia,Inflation Rate YoY,2.4,3.3,percent
Jun 2024,Croatia,Inflation Rate MoM,0.0,0.1,percent
Jun 2024,Croatia,Producer Prices,119.2,118.7,points
Dec 2023,Cyprus,GDP Deflator,117.03,116.76,points
Jun 2024,Cyprus,Harmonised Consumer Prices,117.88,117.46,points
Jun 2024,Cyprus,Harmonised Inflation Rate MoM,0.4,1.2,percent
Jun 2024,Cyprus,Harmonised Inflation Rate YoY,3.0,3.0,percent
Jun 2024,Cyprus,Inflation Rate YoY,2.92,2.72,percent
Jun 2024,Cyprus,Inflation Rate MoM,-0.1,0.6,percent
May 2024,Cyprus,Producer Prices,122.4,121.8,points
Jun 2024,Costa Rica,CPI Housing Utilities,108.9,108.78,points
Jun 2024,Costa Rica,CPI Transportation,112.99,112.15,points
Jun 2024,Costa Rica,Food Inflation,-1.47,-1.42,percent
Jun 2024,Costa Rica,Inflation Rate YoY,-0.04,-0.34,percent
Jun 2024,Costa Rica,Inflation Rate MoM,0.14,0.08,percent
Apr 2024,Djibouti,Consumer Price Index CPI,103.8,104.5,points
Apr 2024,Djibouti,CPI Housing Utilities,103.1,103.0,points
Apr 2024,Djibouti,CPI Transportation,100.3,100.3,points
Apr 2024,Djibouti,Food Inflation,5.1,6.1,percent
Apr 2024,Djibouti,Inflation Rate,3.7,4.9,percent
Dec 2023,Congo,Consumer Price Index CPI,262.47,256.14,points
Dec 2023,Congo,CPI Housing Utilities,216.77,213.62,points
Dec 2023,Congo,CPI Transportation,276.38,264.59,Index Points
Dec 2023,Congo,Inflation Rate,46.8,45.8,percent
Dec 2023,Congo,Inflation Rate MoM,2.5,3.4,percent
Dec 2022,Cuba,GDP Deflator,1212.4,1062.1,points
May 2024,Cuba,Inflation Rate,31.11,32.33,percent
May 2024,Cuba,Inflation Rate MoM,2.69,2.13,percent
Dec 2023,Comoros,Inflation Rate,-2.0,-1.4,percent
Mar 2024,Cayman Islands,Consumer Price Index CPI,132.5,132.5,points
Mar 2024,Cayman Islands,Food Inflation,1.1,-0.6,percent
Mar 2024,Cayman Islands,Inflation Rate,1.5,3.6,percent
Jun 2024,Chile,Consumer Price Index CPI,103.42,103.5,points
Jun 2024,Chile,Core Consumer Prices,102.43,103.0,points
Jun 2024,Chile,Core Inflation Rate,2.84,3.3,percent
Jun 2024,Chile,Core Inflation Rate MoM,-0.6,0.3,percent
Jun 2024,Chile,CPI Transportation,101.87,102.17,points
Jun 2024,Chile,Food Inflation,5.8,4.7,percent
Jun 2024,Chile,Inflation Rate YoY,4.2,4.1,percent
Jun 2024,Chile,Inflation Rate MoM,-0.1,0.3,percent
May 2024,Chile,Producer Prices,176.52,175.31,points
May 2024,Chile,PPI YoY,18.5,12.6,percent
Jun 2024,Colombia,Consumer Price Index CPI,143.38,142.92,points
Jun 2024,Colombia,CPI Housing Utilities,134.09,133.33,points
Jun 2024,Colombia,CPI Transportation,148.8,148.53,points
Mar 2024,Colombia,Export Prices,152.13,151.69,points
Jun 2024,Colombia,Food Inflation,5.27,4.4,percent
Mar 2024,Colombia,Import Prices,155.04,155.88,points
Jun 2024,Colombia,Inflation Rate YoY,7.18,7.16,percent
Jun 2024,Colombia,Inflation Rate MoM,0.32,0.43,percent
Jun 2024,Colombia,Producer Prices,180.13,177.25,points
Jun 2024,Colombia,PPI YoY,3.48,-0.58,percent
May 2024,Chad,Consumer Price Index CPI,120.7,116.5,points
May 2024,Chad,Food Inflation,12.5,2.3,percent
May 2024,Chad,Inflation Rate,10.2,5.1,percent
Apr 2024,Central African Republic,Inflation Rate,1.4,0.1,percent
May 2024,Cameroon,Consumer Price Index CPI,111.8,111.5,points
May 2024,Cameroon,CPI Housing Utilities,106.7,105.9,points
May 2024,Cameroon,CPI Transportation,130.2,129.6,points
May 2024,Cameroon,Food Inflation,5.3,5.8,percent
May 2024,Cameroon,Inflation Rate,4.5,4.6,percent
May 2024,Cameroon,Inflation Rate MoM,0.3,0.6,percent
Jun 2024,Canada,Food Inflation,2.8,2.4,percent
May 2024,Canada,Rent Inflation,8.9,8.2,percent
May 2024,Canada,Services Inflation,4.6,4.2,percent
May 2024,Canada,Consumer Price Index CPI,161.5,160.6,points
Jun 2024,Canada,Core Consumer Prices,155.4,155.5,points
Jun 2024,Canada,Core Inflation Rate YoY,1.9,1.8,percent
May 2024,Canada,CPI Housing Utilities,181.5,180.8,points
May 2024,Canada,CPI Transportation,173.9,173.8,points
Apr 2024,Canada,Export Prices,135.5,133.2,points
May 2024,China,Rent Inflation,-0.1,-0.1,percent
Jun 2024,China,Consumer Price Index CPI,102.7,102.9,points
Jun 2024,China,Core Consumer Prices,100.6,100.6,points
Jun 2024,China,Core Inflation Rate,0.6,0.6,percent
Mar 2024,Canada,GDP Implicit Price,124.9,125.3,points
Apr 2024,Canada,Import Prices,133.8,131.7,points
Jun 2024,Canada,Inflation Rate YoY,2.7,2.9,percent
Jun 2024,Canada,Inflation Rate MoM,-0.1,0.6,percent
Jun 2024,Canada,Producer Prices,127.8,127.8,points
Jun 2024,Canada,PPI YoY,2.8,2.1,percent
May 2024,Canada,Raw Materials Prices MoM,146.0,147.5,points
Jun 2024,China,Core Inflation Rate MoM,-0.1,-0.2,percent
Jun 2024,China,Food Inflation,-2.1,-2.0,percent
Dec 2022,China,GDP Deflator,736.7,723.77,points
Jun 2024,China,Inflation Rate YoY,0.2,0.3,percent
Jun 2024,China,Inflation Rate MoM,-0.2,-0.1,percent
Jun 2024,China,Producer Price Inflation MoM,-0.2,0.2,percent
Jun 2024,China,Producer Prices,107.3,107.5,points
Jun 2024,China,PPI YoY,-0.8,-1.4,percent
Apr 2024,Cambodia,Consumer Price Index CPI,201.93,200.03,points
Apr 2024,Cambodia,Core Inflation Rate,0.7,0.2,percent
Apr 2024,Cambodia,CPI Housing Utilities,140.35,139.7,points
Apr 2024,Cambodia,CPI Transportation,128.03,126.42,points
Apr 2024,Cambodia,Food Inflation,0.63,0.01,percent
Apr 2024,Cambodia,Inflation Rate,0.5,0.0,percent
Apr 2024,Cambodia,Inflation Rate MoM,0.95,0.45,percent
Jun 2024,Burkina Faso,Consumer Price Index CPI,129.1,128.3,points
Jun 2024,Burkina Faso,CPI Housing Utilities,117.5,118.0,points
Jun 2024,Burkina Faso,CPI Transportation,110.6,110.6,points
Jun 2024,Burkina Faso,Food Inflation,3.8,4.5,percent
Jun 2024,Burkina Faso,Inflation Rate,2.4,3.4,percent
Jun 2024,Burkina Faso,Inflation Rate MoM,0.6,1.0,percent
Jun 2024,Cape Verde,Consumer Price Index CPI,117.51,116.74,points
May 2024,Cape Verde,Core Consumer Prices,115.8,115.7,points
May 2024,Cape Verde,Core Inflation Rate,1.0,0.9,percent
Jun 2024,Cape Verde,CPI Housing Utilities,110.41,110.73,points
Jun 2024,Cape Verde,CPI Transportation,121.16,118.09,points
Jun 2024,Cape Verde,Food Inflation,2.2,2.7,percent
Jun 2024,Cape Verde,Inflation Rate YoY,1.9,1.5,percent
Jun 2024,Cape Verde,Inflation Rate MoM,0.7,0.2,percent
Apr 2024,Burundi,CPI Housing Utilities,204.2,200.9,points
Apr 2024,Burundi,CPI Transportation,183.2,170.1,points
Apr 2024,Burundi,Food Inflation,9.2,12.4,percent
Apr 2024,Burundi,Inflation Rate YoY,12.1,14.0,percent
Apr 2024,Burundi,Inflation Rate MoM,2.1,1.2,percent
May 2024,Brunei,Consumer Price Index CPI,106.5,106.2,points
May 2024,Brunei,Food Inflation,1.6,1.7,percent
May 2024,Brunei,Inflation Rate YoY,-0.2,-0.2,percent
May 2024,Brunei,Inflation Rate MoM,0.3,0.1,percent
Jun 2024,Botswana,Core Consumer Prices,130.9,130.8,points
Jun 2024,Botswana,Core Inflation Rate,2.7,3.0,percent
Jun 2024,Botswana,CPI Housing Utilities,125.1,124.9,points
Jun 2024,Botswana,CPI Transportation,153.8,154.4,points
Jun 2024,Botswana,Food Inflation,4.0,4.0,percent
Jun 2024,Botswana,Inflation Rate YoY,2.8,3.0,percent
Jun 2024,Botswana,Inflation Rate MoM,0.1,0.3,percent
Jun 2024,Bolivia,Consumer Price Index CPI,113.9,113.29,points
Jun 2024,Bolivia,CPI Housing Utilities,108.64,108.5,points
Jun 2024,Bolivia,CPI Transportation,112.25,111.68,points
Mar 2024,Bolivia,Export Prices,158.39,158.34,points
Jun 2024,Bolivia,Food Inflation,6.64,5.93,percent
Mar 2024,Bolivia,Import Prices,162.62,173.87,points
Jun 2024,Bolivia,Inflation Rate,3.84,3.52,percent
Jun 2024,Bolivia,Inflation Rate MoM,0.5,0.6,percent
May 2024,Bosnia and Herzegovina,Consumer Price Index CPI,125.6,125.8,points
May 2024,Bosnia and Herzegovina,CPI Housing Utilities,131.5,131.7,points
May 2024,Bosnia and Herzegovina,CPI Transportation,127.3,128.6,points
May 2024,Bosnia and Herzegovina,Food Inflation,0.9,1.24,percent
May 2024,Bosnia and Herzegovina,Inflation Rate YoY,2.0,1.99,percent
May 2024,Bosnia and Herzegovina,Inflation Rate MoM,-0.2,0.1,percent
May 2024,Bosnia and Herzegovina,PPI YoY,2.1,0.9,percent
Dec 2023,Bermuda,Consumer Price Index CPI,116.0,116.6,points
Dec 2023,Bermuda,Food Inflation,2.9,3.1,percent
Dec 2023,Bermuda,Inflation Rate,2.4,3.1,percent
May 2024,Albania,Food Inflation,1.9,1.5,percent
Jun 2024,Albania,Consumer Price Index CPI,116.4,116.8,points
Jun 2024,Albania,CPI Housing Utilities,107.7,107.7,points
Jun 2024,Albania,CPI Transportation,110.0,110.5,points
Jun 2024,Albania,Harmonised Consumer Prices,118.2,118.4,points
Jun 2024,Albania,Harmonised Inflation Rate YoY,2.5,2.5,percent
Jun 2024,Albania,Inflation Rate YoY,2.1,2.2,percent
Jun 2024,Albania,Inflation Rate MoM,-0.4,-0.2,percent
Mar 2024,Albania,Producer Prices,129.5,131.6,points
Mar 2024,Albania,PPI YoY,2.8,3.1,percent
Jun 2024,Bulgaria,Consumer Price Index CPI,9480.76,9499.75,points
Jun 2024,Bulgaria,CPI Housing Utilities,21848.34,21847.18,points
Jun 2024,Bulgaria,CPI Transportation,9708.28,9800.96,points
Mar 2024,Bulgaria,Export Prices,94.4,89.6,points
Jun 2024,Bulgaria,Food Inflation,1.5,1.0,percent
Jun 2024,Bulgaria,Harmonised Consumer Prices,137.15,136.93,points
Jun 2024,Bulgaria,Harmonised Inflation Rate MoM,0.2,0.0,percent
Jun 2024,Bulgaria,Harmonised Inflation Rate YoY,2.8,2.7,percent
Mar 2024,Bulgaria,Import Prices,97.6,95.9,points
Jun 2024,Bulgaria,Inflation Rate YoY,2.5,2.3,percent
May 2024,Bulgaria,PPI MoM,2.7,-0.1,percent
May 2024,Bulgaria,Producer Prices,148.58,144.69,points
May 2024,Bulgaria,PPI YoY,-1.2,-6.6,percent
Apr 2024,Bhutan,Consumer Price Index CPI,130.33,128.41,points
Apr 2024,Bhutan,CPI Housing Utilities,135.24,126.4,points
Apr 2024,Bhutan,CPI Transportation,126.49,124.8,points
Dec 2023,Bhutan,Export Prices,114.49,115.49,points
Sep 2023,Bhutan,Export Prices YoY,-6.87,-4.18,percent
Apr 2024,Bhutan,Food Inflation,5.53,6.95,percent
Dec 2023,Bhutan,Import Prices,137.39,139.09,points
Sep 2023,Bhutan,Import Prices YoY,-2.91,-2.99,percent
Apr 2024,Bhutan,Inflation Rate,4.87,4.99,percent
Apr 2024,Bhutan,Inflation Rate MoM,1.5,0.07,percent
Mar 2024,Bhutan,Producer Prices,96.2,97.21,points
Mar 2024,Bhutan,Producer Prices Change,-4.37,-3.75,percent
Apr 2024,Afghanistan,Consumer Price Index CPI,131.1,130.6,points
Apr 2024,Afghanistan,Core Inflation Rate,-2.2,-3.6,percent
Apr 2024,Afghanistan,CPI Housing Utilities,102.7,102.9,points
Apr 2024,Afghanistan,CPI Transportation,131.1,130.6,points
Apr 2024,Afghanistan,Food Inflation,-12.1,-13.8,percent
Apr 2024,Afghanistan,Inflation Rate,-7.5,-9.0,percent
Apr 2024,Afghanistan,Inflation Rate MoM,0.4,-0.4,percent
Jun 2024,Brazil,Consumer Price Index CPI,6941.51,6926.96,points
Jun 2024,Brazil,CPI Housing Utilities,11584.82,11555.93,points
Jun 2024,Brazil,CPI Transportation,6582.1,6594.63,points
Jun 2024,Brazil,Food Inflation,4.71,3.56,percent
Jun 2024,Brazil,Inflation Rate YoY,4.23,3.93,percent
Jun 2024,Brazil,Inflation Rate MoM,0.21,0.46,percent
Jun 2024,Brazil,IPCA mid-month CPI MoM,0.39,0.44,percent
Jun 2024,Brazil,IPCA mid-month CPI YoY,4.06,3.7,percent
